Timestamp,SensorValue
2023-09-23 09:37:36,0,980
2023-09-23 09:37:36,0,980
2023-09-23 09:37:36,0,980
2023-09-23 09:37:36,0,980
2023-09-23 09:37:36,0,980
2023-09-23 09:37:36,0,980
2023-09-23 09:37:36,0,980
2023-09-23 09:37:37,0,980
2023-09-23 09:37:37,0,980
2023-09-23 09:37:37,0,980
2023-09-23 09:37:37,0,980
2023-09-23 09:37:37,0,980
2023-09-23 09:37:37,0,980
2023-09-23 09:37:37,0,980
2023-09-23 09:37:37,0,980
2023-09-23 09:37:37,0,980
2023-09-23 09:37:37,0,980
2023-09-23 09:37:38,0,980
2023-09-23 09:37:38,0,980
2023-09-23 09:37:38,0,980
2023-09-23 09:37:38,0,980
2023-09-23 09:37:38,0,980
2023-09-23 09:37:38,0,980
2023-09-23 09:37:38,0,980
2023-09-23 09:37:38,0,980
2023-09-23 09:37:38,0,980
2023-09-23 09:37:38,0,980
2023-09-23 09:37:39,0,980
2023-09-23 09:37:39,0,980
2023-09-23 09:37:39,0,980
2023-09-23 09:37:39,0,980
2023-09-23 09:37:39,0,980
2023-09-23 09:37:39,0,980
2023-09-23 09:37:39,0,980
2023-09-23 09:37:39,0,980
2023-09-23 09:37:39,0,980
2023-09-23 09:37:39,0,980
2023-09-23 09:37:40,0,980
2023-09-23 09:37:40,0,980
2023-09-23 09:37:40,0,980
2023-09-23 09:37:40,0,980
2023-09-23 09:37:40,0,980
2023-09-23 09:37:40,0,980
2023-09-23 09:37:40,0,980
2023-09-23 09:37:40,0,980
2023-09-23 09:37:40,0,980
2023-09-23 09:37:40,0,980
2023-09-23 09:37:41,0,980
2023-09-23 09:37:41,0,980
2023-09-23 09:37:41,0,980
2023-09-23 09:37:41,0,980
2023-09-23 09:37:41,0,980
2023-09-23 09:37:41,0,980
2023-09-23 09:37:41,0,980
2023-09-23 09:37:41,0,980
2023-09-23 09:37:41,0,980
2023-09-23 09:37:41,0,980
2023-09-23 09:37:42,0,980
2023-09-23 09:37:42,0,980
2023-09-23 09:37:42,0,980
2023-09-23 09:37:42,0,980
2023-09-23 09:37:42,0,980
2023-09-23 09:37:42,0,980
2023-09-23 09:37:42,0,980
2023-09-23 09:37:42,0,980
2023-09-23 09:37:42,0,980
2023-09-23 09:37:43,0,980
2023-09-23 09:37:43,0,980
2023-09-23 09:37:43,0,980
2023-09-23 09:37:43,0,980
2023-09-23 09:37:43,0,980
2023-09-23 09:37:43,0,980
2023-09-23 09:37:43,0,980
2023-09-23 09:37:43,0,980
2023-09-23 09:37:43,0,980
2023-09-23 09:37:43,0,980
2023-09-23 09:37:44,1,979
2023-09-23 09:37:44,0,980
2023-09-23 09:37:44,0,980
2023-09-23 09:37:44,0,980
2023-09-23 09:37:44,0,980
2023-09-23 09:37:44,0,980
2023-09-23 09:37:44,0,980
2023-09-23 09:37:44,0,980
2023-09-23 09:37:44,0,980
2023-09-23 09:37:44,0,980
2023-09-23 09:37:45,0,980
2023-09-23 09:37:45,0,980
2023-09-23 09:37:45,0,980
2023-09-23 09:37:45,0,980
2023-09-23 09:37:45,3,977
2023-09-23 09:37:45,0,980
2023-09-23 09:37:45,0,980
2023-09-23 09:37:45,0,980
2023-09-23 09:37:45,0,980
2023-09-23 09:37:45,0,980
2023-09-23 09:37:46,0,980
2023-09-23 09:37:46,0,980
2023-09-23 09:37:46,0,980
2023-09-23 09:37:46,0,980
2023-09-23 09:37:46,0,980
2023-09-23 09:37:46,0,980
2023-09-23 09:37:46,0,980
2023-09-23 09:37:46,0,980
2023-09-23 09:37:46,0,980
2023-09-23 09:37:46,0,980
2023-09-23 09:37:47,0,980
2023-09-23 09:37:47,0,980
2023-09-23 09:37:47,0,980
2023-09-23 09:37:47,0,980
2023-09-23 09:37:47,0,980
2023-09-23 09:37:47,0,980
2023-09-23 09:37:47,0,980
2023-09-23 09:37:47,0,980
2023-09-23 09:37:47,0,980
2023-09-23 09:37:47,0,980
2023-09-23 09:37:48,0,980
2023-09-23 09:37:48,0,980
2023-09-23 09:37:48,0,980
2023-09-23 09:37:48,0,980
2023-09-23 09:37:48,0,980
2023-09-23 09:37:48,0,980
2023-09-23 09:37:48,0,980
2023-09-23 09:37:48,0,980
2023-09-23 09:37:48,0,980
2023-09-23 09:37:48,0,980
2023-09-23 09:37:49,0,980
2023-09-23 09:37:49,0,980
2023-09-23 09:37:49,0,980
2023-09-23 09:37:49,0,980
2023-09-23 09:37:49,0,980
2023-09-23 09:37:49,0,980
2023-09-23 09:37:49,0,980
2023-09-23 09:37:49,0,980
2023-09-23 09:37:49,0,980
2023-09-23 09:37:49,0,980
2023-09-23 09:37:50,0,980
2023-09-23 09:37:50,0,980
2023-09-23 09:37:50,0,980
2023-09-23 09:37:50,0,980
2023-09-23 09:37:50,0,980
2023-09-23 09:37:50,0,980
2023-09-23 09:37:50,0,980
2023-09-23 09:37:50,0,980
2023-09-23 09:37:50,0,980
2023-09-23 09:37:50,0,980
2023-09-23 09:37:51,0,980
2023-09-23 09:37:51,0,980
2023-09-23 09:37:51,0,980
2023-09-23 09:37:51,0,980
2023-09-23 09:37:51,0,980
2023-09-23 09:37:51,0,980
2023-09-23 09:37:51,0,980
2023-09-23 09:37:51,0,980
2023-09-23 09:37:51,0,980
2023-09-23 09:37:51,0,980
2023-09-23 09:37:52,0,980
2023-09-23 09:37:52,0,980
2023-09-23 09:37:52,0,980
2023-09-23 09:37:52,0,980
2023-09-23 09:37:52,0,980
2023-09-23 09:37:52,0,980
2023-09-23 09:37:52,0,980
2023-09-23 09:37:52,0,980
2023-09-23 09:37:52,0,980
2023-09-23 09:37:52,0,980
2023-09-23 09:37:53,0,980
2023-09-23 09:37:53,0,980
2023-09-23 09:37:53,0,980
2023-09-23 09:37:53,0,980
2023-09-23 09:37:53,0,980
2023-09-23 09:37:53,0,980
2023-09-23 09:37:53,0,980
2023-09-23 09:37:53,0,980
2023-09-23 09:37:53,0,980
2023-09-23 09:37:53,0,980
2023-09-23 09:37:54,0,980
2023-09-23 09:37:54,0,980
2023-09-23 09:37:54,0,980
2023-09-23 09:37:54,0,980
2023-09-23 09:37:54,0,980
2023-09-23 09:37:54,0,980
2023-09-23 09:37:54,0,980
2023-09-23 09:37:54,0,980
2023-09-23 09:37:54,0,980
2023-09-23 09:37:54,0,980
2023-09-23 09:37:55,0,980
2023-09-23 09:37:55,0,980
2023-09-23 09:37:55,0,980
2023-09-23 09:37:55,0,980
2023-09-23 09:37:55,0,980
2023-09-23 09:37:55,0,980
2023-09-23 09:37:55,0,980
2023-09-23 09:37:55,0,980
2023-09-23 09:37:55,0,980
2023-09-23 09:37:55,0,980
2023-09-23 09:37:56,0,980
2023-09-23 09:37:56,0,980
2023-09-23 09:37:56,0,980
2023-09-23 09:37:56,0,980
2023-09-23 09:37:56,0,980
2023-09-23 09:37:56,0,980
2023-09-23 09:37:56,0,980
2023-09-23 09:37:56,0,980
2023-09-23 09:37:56,0,980
2023-09-23 09:37:56,0,980
2023-09-23 09:37:57,0,980
2023-09-23 09:37:57,0,980
2023-09-23 09:37:57,0,980
2023-09-23 09:37:57,0,980
2023-09-23 09:37:57,0,980
2023-09-23 09:37:57,0,980
2023-09-23 09:37:57,0,980
2023-09-23 09:37:57,0,980
2023-09-23 09:37:57,0,980
2023-09-23 09:37:58,0,980
2023-09-23 09:37:58,0,980
2023-09-23 09:37:58,0,980
2023-09-23 09:37:58,0,980
2023-09-23 09:37:58,0,980
2023-09-23 09:37:58,0,980
2023-09-23 09:37:58,0,980
2023-09-23 09:37:58,0,980
2023-09-23 09:37:58,0,980
2023-09-23 09:37:58,0,980
2023-09-23 09:37:59,0,980
2023-09-23 09:37:59,0,980
2023-09-23 09:37:59,0,980
2023-09-23 09:37:59,0,980
2023-09-23 09:37:59,0,980
2023-09-23 09:37:59,0,980
2023-09-23 09:37:59,0,980
2023-09-23 09:37:59,0,980
2023-09-23 09:37:59,0,980
2023-09-23 09:37:59,0,980
2023-09-23 09:38:00,0,980
2023-09-23 09:38:00,0,980
2023-09-23 09:38:00,0,980
2023-09-23 09:38:00,0,980
2023-09-23 09:38:00,1,979
2023-09-23 09:38:00,0,980
2023-09-23 09:38:00,0,980
2023-09-23 09:38:00,0,980
2023-09-23 09:38:00,0,980
2023-09-23 09:38:00,0,980
2023-09-23 09:38:01,0,980
2023-09-23 09:38:01,0,980
2023-09-23 09:38:01,0,980
2023-09-23 09:38:01,0,980
2023-09-23 09:38:01,0,980
2023-09-23 09:38:01,0,980
2023-09-23 09:38:01,0,980
2023-09-23 09:38:01,0,980
2023-09-23 09:38:01,0,980
2023-09-23 09:38:01,0,980
2023-09-23 09:38:02,0,980
2023-09-23 09:38:02,0,980
2023-09-23 09:38:02,0,980
2023-09-23 09:38:02,0,980
2023-09-23 09:38:02,0,980
2023-09-23 09:38:02,0,980
2023-09-23 09:38:02,0,980
2023-09-23 09:38:02,0,980
2023-09-23 09:38:02,0,980
2023-09-23 09:38:02,0,980
2023-09-23 09:38:03,0,980
2023-09-23 09:38:03,0,980
2023-09-23 09:38:03,0,980
2023-09-23 09:38:03,0,980
2023-09-23 09:38:03,0,980
2023-09-23 09:38:03,0,980
2023-09-23 09:38:03,0,980
2023-09-23 09:38:03,0,980
2023-09-23 09:38:03,0,980
2023-09-23 09:38:03,0,980
2023-09-23 09:38:04,0,980
2023-09-23 09:38:04,0,980
2023-09-23 09:38:04,0,980
2023-09-23 09:38:04,0,980
2023-09-23 09:38:04,0,980
2023-09-23 09:38:04,0,980
2023-09-23 09:38:04,0,980
2023-09-23 09:38:04,0,980
2023-09-23 09:38:04,0,980
2023-09-23 09:38:04,0,980
2023-09-23 09:38:05,0,980
2023-09-23 09:38:05,0,980
2023-09-23 09:38:05,0,980
2023-09-23 09:38:05,0,980
2023-09-23 09:38:05,0,980
2023-09-23 09:38:05,0,980
2023-09-23 09:38:05,0,980
2023-09-23 09:38:05,0,980
2023-09-23 09:38:05,0,980
2023-09-23 09:38:05,0,980
2023-09-23 09:38:06,0,980
2023-09-23 09:38:06,0,980
2023-09-23 09:38:06,0,980
2023-09-23 09:38:06,0,980
2023-09-23 09:38:06,0,980
2023-09-23 09:38:06,0,980
2023-09-23 09:38:06,0,980
2023-09-23 09:38:06,0,980
2023-09-23 09:38:06,0,980
2023-09-23 09:38:06,0,980
2023-09-23 09:38:07,0,980
2023-09-23 09:38:07,0,980
2023-09-23 09:38:07,0,980
2023-09-23 09:38:07,0,980
2023-09-23 09:38:07,0,980
2023-09-23 09:38:07,0,980
2023-09-23 09:38:07,0,980
2023-09-23 09:38:07,0,980
2023-09-23 09:38:07,0,980
2023-09-23 09:38:07,0,980
2023-09-23 09:38:08,0,980
2023-09-23 09:38:08,0,980
2023-09-23 09:38:08,0,980
2023-09-23 09:38:08,0,980
2023-09-23 09:38:08,0,980
2023-09-23 09:38:08,0,980
2023-09-23 09:38:08,0,980
2023-09-23 09:38:08,0,980
2023-09-23 09:38:08,0,980
2023-09-23 09:38:08,0,980
2023-09-23 09:38:09,0,980
2023-09-23 09:38:09,0,980
2023-09-23 09:38:09,0,980
2023-09-23 09:38:09,0,980
2023-09-23 09:38:09,0,980
2023-09-23 09:38:09,0,980
2023-09-23 09:38:09,0,980
2023-09-23 09:38:09,0,980
2023-09-23 09:38:09,0,980
2023-09-23 09:38:09,0,980
2023-09-23 09:38:10,0,980
2023-09-23 09:38:10,0,980
2023-09-23 09:38:10,0,980
2023-09-23 09:38:10,0,980
2023-09-23 09:38:10,0,980
2023-09-23 09:38:10,0,980
2023-09-23 09:38:10,0,980
2023-09-23 09:38:10,0,980
2023-09-23 09:38:10,0,980
2023-09-23 09:38:10,0,980
2023-09-23 09:38:11,0,980
2023-09-23 09:38:11,0,980
2023-09-23 09:38:11,0,980
2023-09-23 09:38:11,0,980
2023-09-23 09:38:11,0,980
2023-09-23 09:38:11,0,980
2023-09-23 09:38:11,0,980
2023-09-23 09:38:11,0,980
2023-09-23 09:38:11,0,980
2023-09-23 09:38:11,0,980
2023-09-23 09:38:12,0,980
2023-09-23 09:38:12,0,980
2023-09-23 09:38:12,0,980
2023-09-23 09:38:12,0,980
2023-09-23 09:38:12,0,980
2023-09-23 09:38:12,0,980
2023-09-23 09:38:12,0,980
2023-09-23 09:38:12,0,980
2023-09-23 09:38:12,0,980
2023-09-23 09:38:13,0,980
2023-09-23 09:38:13,0,980
2023-09-23 09:38:13,0,980
2023-09-23 09:38:13,0,980
2023-09-23 09:38:13,0,980
2023-09-23 09:38:13,0,980
2023-09-23 09:38:13,0,980
2023-09-23 09:38:13,0,980
2023-09-23 09:38:13,0,980
2023-09-23 09:38:13,0,980
2023-09-23 09:38:14,0,980
2023-09-23 09:38:14,0,980
2023-09-23 09:38:14,0,980
2023-09-23 09:38:14,0,980
2023-09-23 09:38:14,0,980
2023-09-23 09:38:14,0,980
2023-09-23 09:38:14,0,980
2023-09-23 09:38:14,0,980
2023-09-23 09:38:14,0,980
2023-09-23 09:38:14,0,980
2023-09-23 09:38:15,0,980
2023-09-23 09:38:15,0,980
2023-09-23 09:38:15,0,980
2023-09-23 09:38:15,0,980
2023-09-23 09:38:15,0,980
2023-09-23 09:38:15,0,980
2023-09-23 09:38:15,0,980
2023-09-23 09:38:15,0,980
2023-09-23 09:38:15,0,980
2023-09-23 09:38:15,0,980
2023-09-23 09:38:16,0,980
2023-09-23 09:38:16,0,980
2023-09-23 09:38:16,0,980
2023-09-23 09:38:16,0,980
2023-09-23 09:38:16,0,980
2023-09-23 09:38:16,0,980
2023-09-23 09:38:16,0,980
2023-09-23 09:38:16,0,980
2023-09-23 09:38:16,0,980
2023-09-23 09:38:16,0,980
2023-09-23 09:38:17,0,980
2023-09-23 09:38:17,0,980
2023-09-23 09:38:17,0,980
2023-09-23 09:38:17,0,980
2023-09-23 09:38:17,0,980
2023-09-23 09:38:17,0,980
2023-09-23 09:38:17,0,980
2023-09-23 09:38:17,0,980
2023-09-23 09:38:17,0,980
2023-09-23 09:38:17,0,980
2023-09-23 09:38:18,0,980
2023-09-23 09:38:18,0,980
2023-09-23 09:38:18,0,980
2023-09-23 09:38:18,0,980
2023-09-23 09:38:18,0,980
2023-09-23 09:38:18,0,980
2023-09-23 09:38:18,0,980
2023-09-23 09:38:18,0,980
2023-09-23 09:38:18,0,980
2023-09-23 09:38:18,0,980
2023-09-23 09:38:19,0,980
2023-09-23 09:38:19,0,980
2023-09-23 09:38:19,0,980
2023-09-23 09:38:19,0,980
2023-09-23 09:38:19,0,980
2023-09-23 09:38:19,0,980
2023-09-23 09:38:19,0,980
2023-09-23 09:38:19,0,980
2023-09-23 09:38:19,0,980
2023-09-23 09:38:19,0,980
2023-09-23 09:38:20,0,980
2023-09-23 09:38:20,0,980
2023-09-23 09:38:20,0,980
2023-09-23 09:38:20,0,980
2023-09-23 09:38:20,0,980
2023-09-23 09:38:20,0,980
2023-09-23 09:38:20,0,980
2023-09-23 09:38:20,0,980
2023-09-23 09:38:20,0,980
2023-09-23 09:38:20,0,980
2023-09-23 09:38:21,0,980
2023-09-23 09:38:21,0,980
2023-09-23 09:38:21,0,980
2023-09-23 09:38:21,0,980
2023-09-23 09:38:21,0,980
2023-09-23 09:38:21,0,980
2023-09-23 09:38:21,0,980
2023-09-23 09:38:21,0,980
2023-09-23 09:38:21,0,980
2023-09-23 09:38:21,0,980
2023-09-23 09:38:22,0,980
2023-09-23 09:38:22,0,980
2023-09-23 09:38:22,0,980
2023-09-23 09:38:22,0,980
2023-09-23 09:38:22,0,980
2023-09-23 09:38:22,0,980
2023-09-23 09:38:22,0,980
2023-09-23 09:38:22,0,980
2023-09-23 09:38:22,0,980
2023-09-23 09:38:22,0,980
2023-09-23 09:38:23,0,980
2023-09-23 09:38:23,0,980
2023-09-23 09:38:23,0,980
2023-09-23 09:38:23,0,980
2023-09-23 09:38:23,0,980
2023-09-23 09:38:23,0,980
2023-09-23 09:38:23,0,980
2023-09-23 09:38:23,0,980
2023-09-23 09:38:23,0,980
2023-09-23 09:38:23,0,980
2023-09-23 09:38:24,0,980
2023-09-23 09:38:24,0,980
2023-09-23 09:38:24,0,980
2023-09-23 09:38:24,0,980
2023-09-23 09:38:24,0,980
2023-09-23 09:38:24,0,980
2023-09-23 09:38:24,0,980
2023-09-23 09:38:24,0,980
2023-09-23 09:38:24,0,980
2023-09-23 09:38:24,0,980
2023-09-23 09:38:25,0,980
2023-09-23 09:38:25,0,980
2023-09-23 09:38:25,0,980
2023-09-23 09:38:25,0,980
2023-09-23 09:38:25,0,980
2023-09-23 09:38:25,0,980
2023-09-23 09:38:25,0,980
2023-09-23 09:38:25,0,980
2023-09-23 09:38:25,0,980
2023-09-23 09:38:25,0,980
2023-09-23 09:38:26,0,980
2023-09-23 09:38:26,0,980
2023-09-23 09:38:26,0,980
2023-09-23 09:38:26,0,980
2023-09-23 09:38:26,0,980
2023-09-23 09:38:26,0,980
2023-09-23 09:38:26,0,980
2023-09-23 09:38:26,0,980
2023-09-23 09:38:26,0,980
2023-09-23 09:38:27,0,980
2023-09-23 09:38:27,0,980
2023-09-23 09:38:27,0,980
2023-09-23 09:38:27,0,980
2023-09-23 09:38:27,0,980
2023-09-23 09:38:27,0,980
2023-09-23 09:38:27,0,980
2023-09-23 09:38:27,0,980
2023-09-23 09:38:27,0,980
2023-09-23 09:38:27,0,980
2023-09-23 09:38:28,0,980
2023-09-23 09:38:28,0,980
2023-09-23 09:38:28,0,980
2023-09-23 09:38:28,0,980
2023-09-23 09:38:28,0,980
2023-09-23 09:38:28,0,980
2023-09-23 09:38:28,0,980
2023-09-23 09:38:28,0,980
2023-09-23 09:38:28,0,980
2023-09-23 09:38:28,0,980
2023-09-23 09:38:29,0,980
2023-09-23 09:38:29,0,980
2023-09-23 09:38:29,0,980
2023-09-23 09:38:29,0,980
2023-09-23 09:38:29,0,980
2023-09-23 09:38:29,0,980
2023-09-23 09:38:29,0,980
2023-09-23 09:38:29,0,980
2023-09-23 09:38:29,0,980
2023-09-23 09:38:29,0,980
2023-09-23 09:38:30,0,980
2023-09-23 09:38:30,0,980
2023-09-23 09:38:30,0,980
2023-09-23 09:38:30,0,980
2023-09-23 09:38:30,0,980
2023-09-23 09:38:30,0,980
2023-09-23 09:38:30,0,980
2023-09-23 09:38:30,0,980
2023-09-23 09:38:30,0,980
2023-09-23 09:38:30,0,980
2023-09-23 09:38:31,0,980
2023-09-23 09:38:31,0,980
2023-09-23 09:38:31,0,980
2023-09-23 09:38:31,0,980
2023-09-23 09:38:31,0,980
2023-09-23 09:38:31,0,980
2023-09-23 09:38:31,0,980
2023-09-23 09:38:31,3,977
2023-09-23 09:38:31,0,980
2023-09-23 09:38:31,0,980
2023-09-23 09:38:32,0,980
2023-09-23 09:38:32,0,980
2023-09-23 09:38:32,0,980
2023-09-23 09:38:32,0,980
2023-09-23 09:38:32,0,980
2023-09-23 09:38:32,0,980
2023-09-23 09:38:32,0,980
2023-09-23 09:38:32,0,980
2023-09-23 09:38:32,0,980
2023-09-23 09:38:32,0,980
2023-09-23 09:38:33,0,980
2023-09-23 09:38:33,1,979
2023-09-23 09:38:33,0,980
2023-09-23 09:38:33,0,980
2023-09-23 09:38:33,0,980
2023-09-23 09:38:33,0,980
2023-09-23 09:38:33,0,980
2023-09-23 09:38:33,0,980
2023-09-23 09:38:33,0,980
2023-09-23 09:38:33,0,980
2023-09-23 09:38:34,0,980
2023-09-23 09:38:34,0,980
2023-09-23 09:38:34,0,980
2023-09-23 09:38:34,0,980
2023-09-23 09:38:34,0,980
2023-09-23 09:38:34,0,980
2023-09-23 09:38:34,0,980
2023-09-23 09:38:34,0,980
2023-09-23 09:38:34,0,980
2023-09-23 09:38:34,0,980
2023-09-23 09:38:35,0,980
2023-09-23 09:38:35,0,980
2023-09-23 09:38:35,0,980
2023-09-23 09:38:35,0,980
2023-09-23 09:38:35,0,980
2023-09-23 09:38:35,0,980
2023-09-23 09:38:35,0,980
2023-09-23 09:38:35,0,980
2023-09-23 09:38:35,0,980
2023-09-23 09:38:35,0,980
2023-09-23 09:38:36,0,980
2023-09-23 09:38:36,0,980
2023-09-23 09:38:36,0,980
2023-09-23 09:38:36,0,980
2023-09-23 09:38:36,0,980
2023-09-23 09:38:36,0,980
2023-09-23 09:38:36,0,980
2023-09-23 09:38:36,0,980
2023-09-23 09:38:36,0,980
2023-09-23 09:38:36,0,980
2023-09-23 09:38:37,0,980
2023-09-23 09:38:37,0,980
2023-09-23 09:38:37,0,980
2023-09-23 09:38:37,0,980
2023-09-23 09:38:37,0,980
2023-09-23 09:38:37,0,980
2023-09-23 09:38:37,0,980
2023-09-23 09:38:37,0,980
2023-09-23 09:38:37,0,980
2023-09-23 09:38:37,0,980
2023-09-23 09:38:38,0,980
2023-09-23 09:38:38,0,980
2023-09-23 09:38:38,0,980
2023-09-23 09:38:38,0,980
2023-09-23 09:38:38,0,980
2023-09-23 09:38:38,0,980
2023-09-23 09:38:38,0,980
2023-09-23 09:38:38,0,980
2023-09-23 09:38:38,0,980
2023-09-23 09:38:38,0,980
2023-09-23 09:38:39,0,980
2023-09-23 09:38:39,0,980
2023-09-23 09:38:39,0,980
2023-09-23 09:38:39,0,980
2023-09-23 09:38:39,0,980
2023-09-23 09:38:39,0,980
2023-09-23 09:38:39,0,980
2023-09-23 09:38:39,0,980
2023-09-23 09:38:39,0,980
2023-09-23 09:38:39,0,980
2023-09-23 09:38:40,0,980
2023-09-23 09:38:40,0,980
2023-09-23 09:38:40,0,980
2023-09-23 09:38:40,0,980
2023-09-23 09:38:40,0,980
2023-09-23 09:38:40,0,980
2023-09-23 09:38:40,0,980
2023-09-23 09:38:40,0,980
2023-09-23 09:38:40,0,980
2023-09-23 09:38:40,0,980
2023-09-23 09:38:41,0,980
2023-09-23 09:38:41,0,980
2023-09-23 09:38:41,0,980
2023-09-23 09:38:41,0,980
2023-09-23 09:38:41,0,980
2023-09-23 09:38:41,0,980
2023-09-23 09:38:41,0,980
2023-09-23 09:38:41,0,980
2023-09-23 09:38:41,0,980
2023-09-23 09:38:42,0,980
2023-09-23 09:38:42,0,980
2023-09-23 09:38:42,0,980
2023-09-23 09:38:42,0,980
2023-09-23 09:38:42,0,980
2023-09-23 09:38:42,0,980
2023-09-23 09:38:42,0,980
2023-09-23 09:38:42,0,980
2023-09-23 09:38:42,0,980
2023-09-23 09:38:42,0,980
2023-09-23 09:38:43,0,980
2023-09-23 09:38:43,0,980
2023-09-23 09:38:43,0,980
2023-09-23 09:38:43,0,980
2023-09-23 09:38:43,0,980
2023-09-23 09:38:43,0,980
2023-09-23 09:38:43,0,980
2023-09-23 09:38:43,0,980
2023-09-23 09:38:43,0,980
2023-09-23 09:38:43,0,980
2023-09-23 09:38:44,0,980
2023-09-23 09:38:44,0,980
2023-09-23 09:38:44,0,980
2023-09-23 09:38:44,0,980
2023-09-23 09:38:44,0,980
2023-09-23 09:38:44,0,980
2023-09-23 09:38:44,0,980
2023-09-23 09:38:44,0,980
2023-09-23 09:38:44,0,980
2023-09-23 09:38:44,0,980
2023-09-23 09:38:45,0,980
2023-09-23 09:38:45,0,980
2023-09-23 09:38:45,0,980
2023-09-23 09:38:45,0,980
2023-09-23 09:38:45,0,980
2023-09-23 09:38:45,0,980
2023-09-23 09:38:45,0,980
2023-09-23 09:38:45,0,980
2023-09-23 09:38:45,0,980
2023-09-23 09:38:45,0,980
2023-09-23 09:38:46,0,980
2023-09-23 09:38:46,0,980
2023-09-23 09:38:46,0,980
2023-09-23 09:38:46,0,980
2023-09-23 09:38:46,0,980
2023-09-23 09:38:46,0,980
2023-09-23 09:38:46,0,980
2023-09-23 09:38:46,0,980
2023-09-23 09:38:46,0,980
2023-09-23 09:38:46,0,980
2023-09-23 09:38:47,0,980
2023-09-23 09:38:47,0,980
2023-09-23 09:38:47,0,980
2023-09-23 09:38:47,0,980
2023-09-23 09:38:47,0,980
2023-09-23 09:38:47,0,980
2023-09-23 09:38:47,0,980
2023-09-23 09:38:47,0,980
2023-09-23 09:38:47,0,980
2023-09-23 09:38:47,0,980
2023-09-23 09:38:48,0,980
2023-09-23 09:38:48,0,980
2023-09-23 09:38:48,0,980
2023-09-23 09:38:48,0,980
2023-09-23 09:38:48,0,980
2023-09-23 09:38:48,0,980
2023-09-23 09:38:48,0,980
2023-09-23 09:38:48,0,980
2023-09-23 09:38:48,0,980
2023-09-23 09:38:48,0,980
2023-09-23 09:38:49,0,980
2023-09-23 09:38:49,0,980
2023-09-23 09:38:49,0,980
2023-09-23 09:38:49,0,980
2023-09-23 09:38:49,0,980
2023-09-23 09:38:49,0,980
2023-09-23 09:38:49,0,980
2023-09-23 09:38:49,0,980
2023-09-23 09:38:49,1,979
2023-09-23 09:38:49,0,980
2023-09-23 09:38:50,0,980
2023-09-23 09:38:50,0,980
2023-09-23 09:38:50,0,980
2023-09-23 09:38:50,0,980
2023-09-23 09:38:50,0,980
2023-09-23 09:38:50,0,980
2023-09-23 09:38:50,0,980
2023-09-23 09:38:50,0,980
2023-09-23 09:38:50,0,980
2023-09-23 09:38:50,0,980
2023-09-23 09:38:51,0,980
2023-09-23 09:38:51,0,980
2023-09-23 09:38:51,0,980
2023-09-23 09:38:51,0,980
2023-09-23 09:38:51,0,980
2023-09-23 09:38:51,0,980
2023-09-23 09:38:51,0,980
2023-09-23 09:38:51,0,980
2023-09-23 09:38:51,0,980
2023-09-23 09:38:51,0,980
2023-09-23 09:38:52,0,980
2023-09-23 09:38:52,0,980
2023-09-23 09:38:52,0,980
2023-09-23 09:38:52,0,980
2023-09-23 09:38:52,0,980
2023-09-23 09:38:52,0,980
2023-09-23 09:38:52,0,980
2023-09-23 09:38:52,0,980
2023-09-23 09:38:52,0,980
2023-09-23 09:38:52,0,980
2023-09-23 09:38:53,0,980
2023-09-23 09:38:53,0,980
2023-09-23 09:38:53,0,980
2023-09-23 09:38:53,0,980
2023-09-23 09:38:53,0,980
2023-09-23 09:38:53,0,980
2023-09-23 09:38:53,0,980
2023-09-23 09:38:53,0,980
2023-09-23 09:38:53,0,980
2023-09-23 09:38:53,0,980
2023-09-23 09:38:54,0,980
2023-09-23 09:38:54,0,980
2023-09-23 09:38:54,0,980
2023-09-23 09:38:54,0,980
2023-09-23 09:38:54,0,980
2023-09-23 09:38:54,0,980
2023-09-23 09:38:54,0,980
2023-09-23 09:38:54,0,980
2023-09-23 09:38:54,0,980
2023-09-23 09:38:54,0,980
2023-09-23 09:38:55,0,980
2023-09-23 09:38:55,0,980
2023-09-23 09:38:55,0,980
2023-09-23 09:38:55,0,980
2023-09-23 09:38:55,0,980
2023-09-23 09:38:55,0,980
2023-09-23 09:38:55,0,980
2023-09-23 09:38:55,0,980
2023-09-23 09:38:55,0,980
2023-09-23 09:38:55,0,980
2023-09-23 09:38:56,0,980
2023-09-23 09:38:56,0,980
2023-09-23 09:38:56,0,980
2023-09-23 09:38:56,0,980
2023-09-23 09:38:56,0,980
2023-09-23 09:38:56,0,980
2023-09-23 09:38:56,0,980
2023-09-23 09:38:56,0,980
2023-09-23 09:38:56,0,980
2023-09-23 09:38:57,0,980
2023-09-23 09:38:57,0,980
2023-09-23 09:38:57,0,980
2023-09-23 09:38:57,0,980
2023-09-23 09:38:57,0,980
2023-09-23 09:38:57,0,980
2023-09-23 09:38:57,0,980
2023-09-23 09:38:57,0,980
2023-09-23 09:38:57,0,980
2023-09-23 09:38:57,0,980
2023-09-23 09:38:58,0,980
2023-09-23 09:38:58,0,980
2023-09-23 09:38:58,0,980
2023-09-23 09:38:58,0,980
2023-09-23 09:38:58,0,980
2023-09-23 09:38:58,0,980
2023-09-23 09:38:58,0,980
2023-09-23 09:38:58,0,980
2023-09-23 09:38:58,0,980
2023-09-23 09:38:58,0,980
2023-09-23 09:38:59,0,980
2023-09-23 09:38:59,0,980
2023-09-23 09:38:59,0,980
2023-09-23 09:38:59,0,980
2023-09-23 09:38:59,0,980
2023-09-23 09:38:59,0,980
2023-09-23 09:38:59,0,980
2023-09-23 09:38:59,0,980
2023-09-23 09:38:59,0,980
2023-09-23 09:38:59,0,980
2023-09-23 09:39:00,0,980
2023-09-23 09:39:00,0,980
2023-09-23 09:39:00,0,980
2023-09-23 09:39:00,0,980
2023-09-23 09:39:00,0,980
2023-09-23 09:39:00,0,980
2023-09-23 09:39:00,0,980
2023-09-23 09:39:00,0,980
2023-09-23 09:39:00,0,980
2023-09-23 09:39:00,0,980
2023-09-23 09:39:01,0,980
2023-09-23 09:39:01,0,980
2023-09-23 09:39:01,0,980
2023-09-23 09:39:01,0,980
2023-09-23 09:39:01,0,980
2023-09-23 09:39:01,0,980
2023-09-23 09:39:01,0,980
2023-09-23 09:39:01,0,980
2023-09-23 09:39:01,0,980
2023-09-23 09:39:01,0,980
2023-09-23 09:39:02,0,980
2023-09-23 09:39:02,0,980
2023-09-23 09:39:02,0,980
2023-09-23 09:39:02,0,980
2023-09-23 09:39:02,0,980
2023-09-23 09:39:02,0,980
2023-09-23 09:39:02,0,980
2023-09-23 09:39:02,0,980
2023-09-23 09:39:02,0,980
2023-09-23 09:39:02,0,980
2023-09-23 09:39:03,0,980
2023-09-23 09:39:03,0,980
2023-09-23 09:39:03,0,980
2023-09-23 09:39:03,0,980
2023-09-23 09:39:03,0,980
2023-09-23 09:39:03,0,980
2023-09-23 09:39:03,0,980
2023-09-23 09:39:03,0,980
2023-09-23 09:39:03,0,980
2023-09-23 09:39:03,1,979
2023-09-23 09:39:04,0,980
2023-09-23 09:39:04,0,980
2023-09-23 09:39:04,0,980
2023-09-23 09:39:04,0,980
2023-09-23 09:39:04,0,980
2023-09-23 09:39:04,0,980
2023-09-23 09:39:04,0,980
2023-09-23 09:39:04,0,980
2023-09-23 09:39:04,0,980
2023-09-23 09:39:04,0,980
2023-09-23 09:39:05,0,980
2023-09-23 09:39:05,0,980
2023-09-23 09:39:05,0,980
2023-09-23 09:39:05,0,980
2023-09-23 09:39:05,0,980
2023-09-23 09:39:05,0,980
2023-09-23 09:39:05,0,980
2023-09-23 09:39:05,0,980
2023-09-23 09:39:05,0,980
2023-09-23 09:39:05,0,980
2023-09-23 09:39:06,0,980
2023-09-23 09:39:06,0,980
2023-09-23 09:39:06,0,980
2023-09-23 09:39:06,0,980
2023-09-23 09:39:06,0,980
2023-09-23 09:39:06,0,980
2023-09-23 09:39:06,0,980
2023-09-23 09:39:06,0,980
2023-09-23 09:39:06,0,980
2023-09-23 09:39:06,0,980
2023-09-23 09:39:07,0,980
2023-09-23 09:39:07,0,980
2023-09-23 09:39:07,0,980
2023-09-23 09:39:07,0,980
2023-09-23 09:39:07,0,980
2023-09-23 09:39:07,0,980
2023-09-23 09:39:07,0,980
2023-09-23 09:39:07,0,980
2023-09-23 09:39:07,0,980
2023-09-23 09:39:07,0,980
2023-09-23 09:39:08,0,980
2023-09-23 09:39:08,0,980
2023-09-23 09:39:08,0,980
2023-09-23 09:39:08,0,980
2023-09-23 09:39:08,0,980
2023-09-23 09:39:08,0,980
2023-09-23 09:39:08,0,980
2023-09-23 09:39:08,0,980
2023-09-23 09:39:08,0,980
2023-09-23 09:39:08,0,980
2023-09-23 09:39:09,0,980
2023-09-23 09:39:09,0,980
2023-09-23 09:39:09,0,980
2023-09-23 09:39:09,0,980
2023-09-23 09:39:09,0,980
2023-09-23 09:39:09,0,980
2023-09-23 09:39:09,0,980
2023-09-23 09:39:09,0,980
2023-09-23 09:39:09,0,980
2023-09-23 09:39:09,0,980
2023-09-23 09:39:10,0,980
2023-09-23 09:39:10,0,980
2023-09-23 09:39:10,0,980
2023-09-23 09:39:10,0,980
2023-09-23 09:39:10,0,980
2023-09-23 09:39:10,0,980
2023-09-23 09:39:10,0,980
2023-09-23 09:39:10,0,980
2023-09-23 09:39:10,0,980
2023-09-23 09:39:11,0,980
2023-09-23 09:39:11,0,980
2023-09-23 09:39:11,0,980
2023-09-23 09:39:11,0,980
2023-09-23 09:39:11,0,980
2023-09-23 09:39:11,0,980
2023-09-23 09:39:11,0,980
2023-09-23 09:39:11,0,980
2023-09-23 09:39:11,0,980
2023-09-23 09:39:11,0,980
2023-09-23 09:39:12,0,980
2023-09-23 09:39:12,0,980
2023-09-23 09:39:12,0,980
2023-09-23 09:39:12,0,980
2023-09-23 09:39:12,0,980
2023-09-23 09:39:12,0,980
2023-09-23 09:39:12,0,980
2023-09-23 09:39:12,0,980
2023-09-23 09:39:12,0,980
2023-09-23 09:39:12,0,980
2023-09-23 09:39:13,0,980
2023-09-23 09:39:13,0,980
2023-09-23 09:39:13,0,980
2023-09-23 09:39:13,0,980
2023-09-23 09:39:13,0,980
2023-09-23 09:39:13,0,980
2023-09-23 09:39:13,0,980
2023-09-23 09:39:13,0,980
2023-09-23 09:39:13,0,980
2023-09-23 09:39:13,0,980
2023-09-23 09:39:14,0,980
2023-09-23 09:39:14,0,980
2023-09-23 09:39:14,0,980
2023-09-23 09:39:14,0,980
2023-09-23 09:39:14,0,980
2023-09-23 09:39:14,0,980
2023-09-23 09:39:14,0,980
2023-09-23 09:39:14,0,980
2023-09-23 09:39:14,0,980
2023-09-23 09:39:14,0,980
2023-09-23 09:39:15,0,980
2023-09-23 09:39:15,0,980
2023-09-23 09:39:15,0,980
2023-09-23 09:39:15,0,980
2023-09-23 09:39:15,0,980
2023-09-23 09:39:15,0,980
2023-09-23 09:39:15,0,980
2023-09-23 09:39:15,0,980
2023-09-23 09:39:15,0,980
2023-09-23 09:39:15,0,980
2023-09-23 09:39:16,0,980
2023-09-23 09:39:16,0,980
2023-09-23 09:39:16,0,980
2023-09-23 09:39:16,0,980
2023-09-23 09:39:16,0,980
2023-09-23 09:39:16,0,980
2023-09-23 09:39:16,0,980
2023-09-23 09:39:16,0,980
2023-09-23 09:39:16,0,980
2023-09-23 09:39:16,0,980
2023-09-23 09:39:17,0,980
2023-09-23 09:39:17,0,980
2023-09-23 09:39:17,0,980
2023-09-23 09:39:17,0,980
2023-09-23 09:39:17,0,980
2023-09-23 09:39:17,0,980
2023-09-23 09:39:17,0,980
2023-09-23 09:39:17,0,980
2023-09-23 09:39:17,0,980
2023-09-23 09:39:17,0,980
2023-09-23 09:39:18,0,980
2023-09-23 09:39:18,0,980
2023-09-23 09:39:18,0,980
2023-09-23 09:39:18,0,980
2023-09-23 09:39:18,0,980
2023-09-23 09:39:18,0,980
2023-09-23 09:39:18,0,980
2023-09-23 09:39:18,0,980
2023-09-23 09:39:18,0,980
2023-09-23 09:39:18,0,980
2023-09-23 09:39:19,0,980
2023-09-23 09:39:19,0,980
2023-09-23 09:39:19,0,980
2023-09-23 09:39:19,0,980
2023-09-23 09:39:19,0,980
2023-09-23 09:39:19,0,980
2023-09-23 09:39:19,0,980
2023-09-23 09:39:19,0,980
2023-09-23 09:39:19,0,980
2023-09-23 09:39:19,0,980
2023-09-23 09:39:20,0,980
2023-09-23 09:39:20,0,980
2023-09-23 09:39:20,0,980
2023-09-23 09:39:20,0,980
2023-09-23 09:39:20,0,980
2023-09-23 09:39:20,0,980
2023-09-23 09:39:20,0,980
2023-09-23 09:39:20,0,980
2023-09-23 09:39:20,0,980
2023-09-23 09:39:20,0,980
2023-09-23 09:39:21,0,980
2023-09-23 09:39:21,0,980
2023-09-23 09:39:21,0,980
2023-09-23 09:39:21,0,980
2023-09-23 09:39:21,0,980
2023-09-23 09:39:21,0,980
2023-09-23 09:39:21,0,980
2023-09-23 09:39:21,0,980
2023-09-23 09:39:21,0,980
2023-09-23 09:39:21,0,980
2023-09-23 09:39:22,0,980
2023-09-23 09:39:22,0,980
2023-09-23 09:39:22,0,980
2023-09-23 09:39:22,0,980
2023-09-23 09:39:22,0,980
2023-09-23 09:39:22,0,980
2023-09-23 09:39:22,0,980
2023-09-23 09:39:22,0,980
2023-09-23 09:39:22,0,980
2023-09-23 09:39:22,0,980
2023-09-23 09:39:23,0,980
2023-09-23 09:39:23,0,980
2023-09-23 09:39:23,0,980
2023-09-23 09:39:23,0,980
2023-09-23 09:39:23,0,980
2023-09-23 09:39:23,0,980
2023-09-23 09:39:23,0,980
2023-09-23 09:39:23,0,980
2023-09-23 09:39:23,0,980
2023-09-23 09:39:23,0,980
2023-09-23 09:39:24,0,980
2023-09-23 09:39:24,0,980
2023-09-23 09:39:24,0,980
2023-09-23 09:39:24,0,980
2023-09-23 09:39:24,0,980
2023-09-23 09:39:24,0,980
2023-09-23 09:39:24,0,980
2023-09-23 09:39:24,0,980
2023-09-23 09:39:24,0,980
2023-09-23 09:39:24,0,980
2023-09-23 09:39:25,1,979
2023-09-23 09:39:25,0,980
2023-09-23 09:39:25,0,980
2023-09-23 09:39:25,0,980
2023-09-23 09:39:25,0,980
2023-09-23 09:39:25,0,980
2023-09-23 09:39:25,0,980
2023-09-23 09:39:25,0,980
2023-09-23 09:39:25,0,980
2023-09-23 09:39:26,0,980
2023-09-23 09:39:26,0,980
2023-09-23 09:39:26,0,980
2023-09-23 09:39:26,0,980
2023-09-23 09:39:26,0,980
2023-09-23 09:39:26,0,980
2023-09-23 09:39:26,0,980
2023-09-23 09:39:26,0,980
2023-09-23 09:39:26,0,980
2023-09-23 09:39:26,0,980
2023-09-23 09:39:27,0,980
2023-09-23 09:39:27,0,980
2023-09-23 09:39:27,0,980
2023-09-23 09:39:27,0,980
2023-09-23 09:39:27,0,980
2023-09-23 09:39:27,0,980
2023-09-23 09:39:27,0,980
2023-09-23 09:39:27,0,980
2023-09-23 09:39:27,0,980
2023-09-23 09:39:27,0,980
2023-09-23 09:39:28,0,980
2023-09-23 09:39:28,0,980
2023-09-23 09:39:28,0,980
2023-09-23 09:39:28,0,980
2023-09-23 09:39:28,0,980
2023-09-23 09:39:28,0,980
2023-09-23 09:39:28,0,980
2023-09-23 09:39:28,0,980
2023-09-23 09:39:28,0,980
2023-09-23 09:39:28,0,980
2023-09-23 09:39:29,0,980
2023-09-23 09:39:29,0,980
2023-09-23 09:39:29,0,980
2023-09-23 09:39:29,0,980
2023-09-23 09:39:29,0,980
2023-09-23 09:39:29,0,980
2023-09-23 09:39:29,0,980
2023-09-23 09:39:29,0,980
2023-09-23 09:39:29,0,980
2023-09-23 09:39:29,0,980
2023-09-23 09:39:30,0,980
2023-09-23 09:39:30,0,980
2023-09-23 09:39:30,0,980
2023-09-23 09:39:30,0,980
2023-09-23 09:39:30,0,980
2023-09-23 09:39:30,0,980
2023-09-23 09:39:30,0,980
2023-09-23 09:39:30,0,980
2023-09-23 09:39:30,0,980
2023-09-23 09:39:30,0,980
2023-09-23 09:39:31,0,980
2023-09-23 09:39:31,0,980
2023-09-23 09:39:31,0,980
2023-09-23 09:39:31,0,980
2023-09-23 09:39:31,0,980
2023-09-23 09:39:31,0,980
2023-09-23 09:39:31,0,980
2023-09-23 09:39:31,0,980
2023-09-23 09:39:31,0,980
2023-09-23 09:39:31,0,980
2023-09-23 09:39:32,0,980
2023-09-23 09:39:32,0,980
2023-09-23 09:39:32,0,980
2023-09-23 09:39:32,0,980
2023-09-23 09:39:32,0,980
2023-09-23 09:39:32,0,980
2023-09-23 09:39:32,0,980
2023-09-23 09:39:32,0,980
2023-09-23 09:39:32,1,979
2023-09-23 09:39:32,0,980
2023-09-23 09:39:33,0,980
2023-09-23 09:39:33,0,980
2023-09-23 09:39:33,0,980
2023-09-23 09:39:33,0,980
2023-09-23 09:39:33,0,980
2023-09-23 09:39:33,0,980
2023-09-23 09:39:33,0,980
2023-09-23 09:39:33,0,980
2023-09-23 09:39:33,0,980
2023-09-23 09:39:33,0,980
2023-09-23 09:39:34,0,980
2023-09-23 09:39:34,0,980
2023-09-23 09:39:34,0,980
2023-09-23 09:39:34,0,980
2023-09-23 09:39:34,0,980
2023-09-23 09:39:34,0,980
2023-09-23 09:39:34,0,980
2023-09-23 09:39:34,0,980
2023-09-23 09:39:34,0,980
2023-09-23 09:39:34,0,980
2023-09-23 09:39:35,0,980
2023-09-23 09:39:35,0,980
2023-09-23 09:39:35,0,980
2023-09-23 09:39:35,0,980
2023-09-23 09:39:35,0,980
2023-09-23 09:39:35,0,980
2023-09-23 09:39:35,0,980
2023-09-23 09:39:35,0,980
2023-09-23 09:39:35,0,980
2023-09-23 09:39:35,0,980
2023-09-23 09:39:36,0,980
2023-09-23 09:39:36,0,980
2023-09-23 09:39:36,0,980
2023-09-23 09:39:36,0,980
2023-09-23 09:39:36,0,980
2023-09-23 09:39:36,0,980
2023-09-23 09:39:36,0,980
2023-09-23 09:39:36,0,980
2023-09-23 09:39:36,0,980
2023-09-23 09:39:36,0,980
2023-09-23 09:39:37,0,980
2023-09-23 09:39:37,1,979
2023-09-23 09:39:37,0,980
2023-09-23 09:39:37,0,980
2023-09-23 09:39:37,0,980
2023-09-23 09:39:37,0,980
2023-09-23 09:39:37,0,980
2023-09-23 09:39:37,0,980
2023-09-23 09:39:37,0,980
2023-09-23 09:39:37,3,977
2023-09-23 09:39:38,0,980
2023-09-23 09:39:38,0,980
2023-09-23 09:39:38,0,980
2023-09-23 09:39:38,0,980
2023-09-23 09:39:38,0,980
2023-09-23 09:39:38,0,980
2023-09-23 09:39:38,0,980
2023-09-23 09:39:38,0,980
2023-09-23 09:39:38,0,980
2023-09-23 09:39:38,0,980
2023-09-23 09:39:39,0,980
2023-09-23 09:39:39,0,980
2023-09-23 09:39:39,0,980
2023-09-23 09:39:39,0,980
2023-09-23 09:39:39,0,980
2023-09-23 09:39:39,0,980
2023-09-23 09:39:39,0,980
2023-09-23 09:39:39,0,980
2023-09-23 09:39:39,0,980
2023-09-23 09:39:39,0,980
2023-09-23 09:39:40,0,980
2023-09-23 09:39:40,0,980
2023-09-23 09:39:40,0,980
2023-09-23 09:39:40,0,980
2023-09-23 09:39:40,0,980
2023-09-23 09:39:40,0,980
2023-09-23 09:39:40,0,980
2023-09-23 09:39:40,0,980
2023-09-23 09:39:40,0,980
2023-09-23 09:39:41,0,980
2023-09-23 09:39:41,0,980
2023-09-23 09:39:41,0,980
2023-09-23 09:39:41,0,980
2023-09-23 09:39:41,1,979
2023-09-23 09:39:41,0,980
2023-09-23 09:39:41,0,980
2023-09-23 09:39:41,0,980
2023-09-23 09:39:41,0,980
2023-09-23 09:39:41,0,980
2023-09-23 09:39:42,0,980
2023-09-23 09:39:42,0,980
2023-09-23 09:39:42,0,980
2023-09-23 09:39:42,0,980
2023-09-23 09:39:42,0,980
2023-09-23 09:39:42,0,980
2023-09-23 09:39:42,0,980
2023-09-23 09:39:42,0,980
2023-09-23 09:39:42,0,980
2023-09-23 09:39:42,0,980
2023-09-23 09:39:43,0,980
2023-09-23 09:39:43,0,980
2023-09-23 09:39:43,0,980
2023-09-23 09:39:43,0,980
2023-09-23 09:39:43,0,980
2023-09-23 09:39:43,0,980
2023-09-23 09:39:43,0,980
2023-09-23 09:39:43,0,980
2023-09-23 09:39:43,0,980
2023-09-23 09:39:43,0,980
2023-09-23 09:39:44,0,980
2023-09-23 09:39:44,0,980
2023-09-23 09:39:44,0,980
2023-09-23 09:39:44,0,980
2023-09-23 09:39:44,0,980
2023-09-23 09:39:44,0,980
2023-09-23 09:39:44,0,980
2023-09-23 09:39:44,0,980
2023-09-23 09:39:44,0,980
2023-09-23 09:39:44,0,980
2023-09-23 09:39:45,0,980
2023-09-23 09:39:45,0,980
2023-09-23 09:39:45,0,980
2023-09-23 09:39:45,0,980
2023-09-23 09:39:45,0,980
2023-09-23 09:39:45,0,980
2023-09-23 09:39:45,0,980
2023-09-23 09:39:45,0,980
2023-09-23 09:39:45,0,980
2023-09-23 09:39:45,0,980
2023-09-23 09:39:46,0,980
2023-09-23 09:39:46,0,980
2023-09-23 09:39:46,0,980
2023-09-23 09:39:46,0,980
2023-09-23 09:39:46,0,980
2023-09-23 09:39:46,0,980
2023-09-23 09:39:46,0,980
2023-09-23 09:39:46,0,980
2023-09-23 09:39:46,0,980
2023-09-23 09:39:46,0,980
2023-09-23 09:39:47,0,980
2023-09-23 09:39:47,0,980
2023-09-23 09:39:47,0,980
2023-09-23 09:39:47,0,980
2023-09-23 09:39:47,0,980
2023-09-23 09:39:47,0,980
2023-09-23 09:39:47,0,980
2023-09-23 09:39:47,0,980
2023-09-23 09:39:47,0,980
2023-09-23 09:39:47,0,980
2023-09-23 09:39:48,0,980
2023-09-23 09:39:48,0,980
2023-09-23 09:39:48,0,980
2023-09-23 09:39:48,0,980
2023-09-23 09:39:48,0,980
2023-09-23 09:39:48,0,980
2023-09-23 09:39:48,0,980
2023-09-23 09:39:48,0,980
2023-09-23 09:39:48,0,980
2023-09-23 09:39:48,0,980
2023-09-23 09:39:49,0,980
2023-09-23 09:39:49,0,980
2023-09-23 09:39:49,0,980
2023-09-23 09:39:49,0,980
2023-09-23 09:39:49,0,980
2023-09-23 09:39:49,0,980
2023-09-23 09:39:49,0,980
2023-09-23 09:39:49,0,980
2023-09-23 09:39:49,0,980
2023-09-23 09:39:49,0,980
2023-09-23 09:39:50,0,980
2023-09-23 09:39:50,0,980
2023-09-23 09:39:50,0,980
2023-09-23 09:39:50,0,980
2023-09-23 09:39:50,0,980
2023-09-23 09:39:50,0,980
2023-09-23 09:39:50,0,980
2023-09-23 09:39:50,0,980
2023-09-23 09:39:50,0,980
2023-09-23 09:39:50,0,980
2023-09-23 09:39:51,0,980
2023-09-23 09:39:51,0,980
2023-09-23 09:39:51,0,980
2023-09-23 09:39:51,0,980
2023-09-23 09:39:51,0,980
2023-09-23 09:39:51,0,980
2023-09-23 09:39:51,0,980
2023-09-23 09:39:51,0,980
2023-09-23 09:39:51,0,980
2023-09-23 09:39:51,0,980
2023-09-23 09:39:52,0,980
2023-09-23 09:39:52,0,980
2023-09-23 09:39:52,0,980
2023-09-23 09:39:52,0,980
2023-09-23 09:39:52,0,980
2023-09-23 09:39:52,0,980
2023-09-23 09:39:52,0,980
2023-09-23 09:39:52,0,980
2023-09-23 09:39:52,0,980
2023-09-23 09:39:52,0,980
2023-09-23 09:39:53,0,980
2023-09-23 09:39:53,0,980
2023-09-23 09:39:53,0,980
2023-09-23 09:39:53,0,980
2023-09-23 09:39:53,0,980
2023-09-23 09:39:53,0,980
2023-09-23 09:39:53,0,980
2023-09-23 09:39:53,0,980
2023-09-23 09:39:53,0,980
2023-09-23 09:39:53,0,980
2023-09-23 09:39:54,0,980
2023-09-23 09:39:54,0,980
2023-09-23 09:39:54,0,980
2023-09-23 09:39:54,0,980
2023-09-23 09:39:54,0,980
2023-09-23 09:39:54,0,980
2023-09-23 09:39:54,0,980
2023-09-23 09:39:54,0,980
2023-09-23 09:39:54,0,980
2023-09-23 09:39:54,0,980
2023-09-23 09:39:55,0,980
2023-09-23 09:39:55,0,980
2023-09-23 09:39:55,0,980
2023-09-23 09:39:55,0,980
2023-09-23 09:39:55,0,980
2023-09-23 09:39:55,0,980
2023-09-23 09:39:55,0,980
2023-09-23 09:39:55,0,980
2023-09-23 09:39:55,0,980
2023-09-23 09:39:56,0,980
2023-09-23 09:39:56,0,980
2023-09-23 09:39:56,0,980
2023-09-23 09:39:56,0,980
2023-09-23 09:39:56,0,980
2023-09-23 09:39:56,0,980
2023-09-23 09:39:56,0,980
2023-09-23 09:39:56,0,980
2023-09-23 09:39:56,0,980
2023-09-23 09:39:56,0,980
2023-09-23 09:39:57,0,980
2023-09-23 09:39:57,0,980
2023-09-23 09:39:57,0,980
2023-09-23 09:39:57,0,980
2023-09-23 09:39:57,0,980
2023-09-23 09:39:57,0,980
2023-09-23 09:39:57,0,980
2023-09-23 09:39:57,1,979
2023-09-23 09:39:57,0,980
2023-09-23 09:39:57,0,980
2023-09-23 09:39:58,0,980
2023-09-23 09:39:58,0,980
2023-09-23 09:39:58,0,980
2023-09-23 09:39:58,0,980
2023-09-23 09:39:58,0,980
2023-09-23 09:39:58,0,980
2023-09-23 09:39:58,0,980
2023-09-23 09:39:58,0,980
2023-09-23 09:39:58,1,979
2023-09-23 09:39:58,0,980
2023-09-23 09:39:59,0,980
2023-09-23 09:39:59,0,980
2023-09-23 09:39:59,0,980
2023-09-23 09:39:59,0,980
2023-09-23 09:39:59,0,980
2023-09-23 09:39:59,0,980
2023-09-23 09:39:59,0,980
2023-09-23 09:39:59,0,980
2023-09-23 09:39:59,0,980
2023-09-23 09:39:59,0,980
2023-09-23 09:40:00,0,980
2023-09-23 09:40:00,0,980
2023-09-23 09:40:00,0,980
2023-09-23 09:40:00,0,980
2023-09-23 09:40:00,0,980
2023-09-23 09:40:00,0,980
2023-09-23 09:40:00,0,980
2023-09-23 09:40:00,0,980
2023-09-23 09:40:00,0,980
2023-09-23 09:40:00,0,980
2023-09-23 09:40:01,0,980
2023-09-23 09:40:01,0,980
2023-09-23 09:40:01,0,980
2023-09-23 09:40:01,0,980
2023-09-23 09:40:01,0,980
2023-09-23 09:40:01,0,980
2023-09-23 09:40:01,0,980
2023-09-23 09:40:01,0,980
2023-09-23 09:40:01,0,980
2023-09-23 09:40:01,0,980
2023-09-23 09:40:02,0,980
2023-09-23 09:40:02,0,980
2023-09-23 09:40:02,0,980
2023-09-23 09:40:02,0,980
2023-09-23 09:40:02,0,980
2023-09-23 09:40:02,0,980
2023-09-23 09:40:02,0,980
2023-09-23 09:40:02,0,980
2023-09-23 09:40:02,0,980
2023-09-23 09:40:02,0,980
2023-09-23 09:40:03,0,980
2023-09-23 09:40:03,0,980
2023-09-23 09:40:03,0,980
2023-09-23 09:40:03,0,980
2023-09-23 09:40:03,0,980
2023-09-23 09:40:03,0,980
2023-09-23 09:40:03,0,980
2023-09-23 09:40:03,0,980
2023-09-23 09:40:03,0,980
2023-09-23 09:40:03,0,980
2023-09-23 09:40:04,0,980
2023-09-23 09:40:04,0,980
2023-09-23 09:40:04,0,980
2023-09-23 09:40:04,0,980
2023-09-23 09:40:04,0,980
2023-09-23 09:40:04,0,980
2023-09-23 09:40:04,0,980
2023-09-23 09:40:04,0,980
2023-09-23 09:40:04,0,980
2023-09-23 09:40:04,0,980
2023-09-23 09:40:05,0,980
2023-09-23 09:40:05,0,980
2023-09-23 09:40:05,0,980
2023-09-23 09:40:05,0,980
2023-09-23 09:40:05,0,980
2023-09-23 09:40:05,0,980
2023-09-23 09:40:05,0,980
2023-09-23 09:40:05,0,980
2023-09-23 09:40:05,0,980
2023-09-23 09:40:05,0,980
2023-09-23 09:40:06,0,980
2023-09-23 09:40:06,2,978
2023-09-23 09:40:06,0,980
2023-09-23 09:40:06,0,980
2023-09-23 09:40:06,0,980
2023-09-23 09:40:06,0,980
2023-09-23 09:40:06,0,980
2023-09-23 09:40:06,0,980
2023-09-23 09:40:06,0,980
2023-09-23 09:40:06,0,980
2023-09-23 09:40:07,0,980
2023-09-23 09:40:07,0,980
2023-09-23 09:40:07,0,980
2023-09-23 09:40:07,0,980
2023-09-23 09:40:07,0,980
2023-09-23 09:40:07,0,980
2023-09-23 09:40:07,0,980
2023-09-23 09:40:07,0,980
2023-09-23 09:40:07,0,980
2023-09-23 09:40:07,0,980
2023-09-23 09:40:08,0,980
2023-09-23 09:40:08,0,980
2023-09-23 09:40:08,0,980
2023-09-23 09:40:08,0,980
2023-09-23 09:40:08,0,980
2023-09-23 09:40:08,0,980
2023-09-23 09:40:08,0,980
2023-09-23 09:40:08,0,980
2023-09-23 09:40:08,0,980
2023-09-23 09:40:08,0,980
2023-09-23 09:40:09,0,980
2023-09-23 09:40:09,1,979
2023-09-23 09:40:09,0,980
2023-09-23 09:40:09,0,980
2023-09-23 09:40:09,0,980
2023-09-23 09:40:09,0,980
2023-09-23 09:40:09,0,980
2023-09-23 09:40:09,0,980
2023-09-23 09:40:09,0,980
2023-09-23 09:40:10,0,980
2023-09-23 09:40:10,0,980
2023-09-23 09:40:10,0,980
2023-09-23 09:40:10,0,980
2023-09-23 09:40:10,0,980
2023-09-23 09:40:10,0,980
2023-09-23 09:40:10,0,980
2023-09-23 09:40:10,0,980
2023-09-23 09:40:10,0,980
2023-09-23 09:40:10,0,980
2023-09-23 09:40:11,0,980
2023-09-23 09:40:11,0,980
2023-09-23 09:40:11,0,980
2023-09-23 09:40:11,0,980
2023-09-23 09:40:11,0,980
2023-09-23 09:40:11,0,980
2023-09-23 09:40:11,0,980
2023-09-23 09:40:11,0,980
2023-09-23 09:40:11,0,980
2023-09-23 09:40:11,0,980
2023-09-23 09:40:12,0,980
2023-09-23 09:40:12,1,979
2023-09-23 09:40:12,0,980
2023-09-23 09:40:12,0,980
2023-09-23 09:40:12,0,980
2023-09-23 09:40:12,0,980
2023-09-23 09:40:12,0,980
2023-09-23 09:40:12,0,980
2023-09-23 09:40:12,0,980
2023-09-23 09:40:12,0,980
2023-09-23 09:40:13,0,980
2023-09-23 09:40:13,0,980
2023-09-23 09:40:13,0,980
2023-09-23 09:40:13,0,980
2023-09-23 09:40:13,0,980
2023-09-23 09:40:13,0,980
2023-09-23 09:40:13,0,980
2023-09-23 09:40:13,0,980
2023-09-23 09:40:13,0,980
2023-09-23 09:40:13,0,980
2023-09-23 09:40:14,0,980
2023-09-23 09:40:14,0,980
2023-09-23 09:40:14,0,980
2023-09-23 09:40:14,0,980
2023-09-23 09:40:14,0,980
2023-09-23 09:40:14,0,980
2023-09-23 09:40:14,0,980
2023-09-23 09:40:14,0,980
2023-09-23 09:40:14,0,980
2023-09-23 09:40:14,0,980
2023-09-23 09:40:15,0,980
2023-09-23 09:40:15,0,980
2023-09-23 09:40:15,0,980
2023-09-23 09:40:15,0,980
2023-09-23 09:40:15,0,980
2023-09-23 09:40:15,0,980
2023-09-23 09:40:15,0,980
2023-09-23 09:40:15,0,980
2023-09-23 09:40:15,0,980
2023-09-23 09:40:15,0,980
2023-09-23 09:40:16,0,980
2023-09-23 09:40:16,0,980
2023-09-23 09:40:16,0,980
2023-09-23 09:40:16,0,980
2023-09-23 09:40:16,0,980
2023-09-23 09:40:16,0,980
2023-09-23 09:40:16,0,980
2023-09-23 09:40:16,0,980
2023-09-23 09:40:16,0,980
2023-09-23 09:40:16,0,980
2023-09-23 09:40:17,0,980
2023-09-23 09:40:17,0,980
2023-09-23 09:40:17,0,980
2023-09-23 09:40:17,0,980
2023-09-23 09:40:17,0,980
2023-09-23 09:40:17,0,980
2023-09-23 09:40:17,0,980
2023-09-23 09:40:17,0,980
2023-09-23 09:40:17,0,980
2023-09-23 09:40:17,0,980
2023-09-23 09:40:18,0,980
2023-09-23 09:40:18,0,980
2023-09-23 09:40:18,0,980
2023-09-23 09:40:18,0,980
2023-09-23 09:40:18,0,980
2023-09-23 09:40:18,0,980
2023-09-23 09:40:18,0,980
2023-09-23 09:40:18,0,980
2023-09-23 09:40:18,0,980
2023-09-23 09:40:18,0,980
2023-09-23 09:40:19,0,980
2023-09-23 09:40:19,0,980
2023-09-23 09:40:19,0,980
2023-09-23 09:40:19,1,979
2023-09-23 09:40:19,0,980
2023-09-23 09:40:19,0,980
2023-09-23 09:40:19,0,980
2023-09-23 09:40:19,0,980
2023-09-23 09:40:19,0,980
2023-09-23 09:40:19,0,980
2023-09-23 09:40:20,0,980
2023-09-23 09:40:20,0,980
2023-09-23 09:40:20,0,980
2023-09-23 09:40:20,0,980
2023-09-23 09:40:20,0,980
2023-09-23 09:40:20,0,980
2023-09-23 09:40:20,0,980
2023-09-23 09:40:20,0,980
2023-09-23 09:40:20,0,980
2023-09-23 09:40:20,0,980
2023-09-23 09:40:21,0,980
2023-09-23 09:40:21,0,980
2023-09-23 09:40:21,0,980
2023-09-23 09:40:21,0,980
2023-09-23 09:40:21,0,980
2023-09-23 09:40:21,0,980
2023-09-23 09:40:21,0,980
2023-09-23 09:40:21,0,980
2023-09-23 09:40:21,0,980
2023-09-23 09:40:21,0,980
2023-09-23 09:40:22,0,980
2023-09-23 09:40:22,0,980
2023-09-23 09:40:22,0,980
2023-09-23 09:40:22,0,980
2023-09-23 09:40:22,0,980
2023-09-23 09:40:22,0,980
2023-09-23 09:40:22,0,980
2023-09-23 09:40:22,0,980
2023-09-23 09:40:22,0,980
2023-09-23 09:40:22,0,980
2023-09-23 09:40:23,0,980
2023-09-23 09:40:23,0,980
2023-09-23 09:40:23,0,980
2023-09-23 09:40:23,0,980
2023-09-23 09:40:23,0,980
2023-09-23 09:40:23,0,980
2023-09-23 09:40:23,0,980
2023-09-23 09:40:23,0,980
2023-09-23 09:40:23,0,980
2023-09-23 09:40:23,0,980
2023-09-23 09:40:24,0,980
2023-09-23 09:40:24,0,980
2023-09-23 09:40:24,1,979
2023-09-23 09:40:24,0,980
2023-09-23 09:40:24,0,980
2023-09-23 09:40:24,0,980
2023-09-23 09:40:24,0,980
2023-09-23 09:40:24,0,980
2023-09-23 09:40:24,0,980
2023-09-23 09:40:25,0,980
2023-09-23 09:40:25,0,980
2023-09-23 09:40:25,0,980
2023-09-23 09:40:25,0,980
2023-09-23 09:40:25,0,980
2023-09-23 09:40:25,0,980
2023-09-23 09:40:25,0,980
2023-09-23 09:40:25,1,979
2023-09-23 09:40:25,0,980
2023-09-23 09:40:25,0,980
2023-09-23 09:40:26,0,980
2023-09-23 09:40:26,0,980
2023-09-23 09:40:26,0,980
2023-09-23 09:40:26,0,980
2023-09-23 09:40:26,0,980
2023-09-23 09:40:26,0,980
2023-09-23 09:40:26,0,980
2023-09-23 09:40:26,0,980
2023-09-23 09:40:26,0,980
2023-09-23 09:40:26,0,980
2023-09-23 09:40:27,0,980
2023-09-23 09:40:27,0,980
2023-09-23 09:40:27,0,980
2023-09-23 09:40:27,0,980
2023-09-23 09:40:27,0,980
2023-09-23 09:40:27,0,980
2023-09-23 09:40:27,0,980
2023-09-23 09:40:27,0,980
2023-09-23 09:40:27,0,980
2023-09-23 09:40:27,0,980
2023-09-23 09:40:28,0,980
2023-09-23 09:40:28,0,980
2023-09-23 09:40:28,0,980
2023-09-23 09:40:28,0,980
2023-09-23 09:40:28,0,980
2023-09-23 09:40:28,0,980
2023-09-23 09:40:28,0,980
2023-09-23 09:40:28,0,980
2023-09-23 09:40:28,0,980
2023-09-23 09:40:28,0,980
2023-09-23 09:40:29,0,980
2023-09-23 09:40:29,0,980
2023-09-23 09:40:29,0,980
2023-09-23 09:40:29,0,980
2023-09-23 09:40:29,0,980
2023-09-23 09:40:29,0,980
2023-09-23 09:40:29,0,980
2023-09-23 09:40:29,0,980
2023-09-23 09:40:29,0,980
2023-09-23 09:40:29,0,980
2023-09-23 09:40:30,0,980
2023-09-23 09:40:30,0,980
2023-09-23 09:40:30,0,980
2023-09-23 09:40:30,0,980
2023-09-23 09:40:30,0,980
2023-09-23 09:40:30,0,980
2023-09-23 09:40:30,0,980
2023-09-23 09:40:30,0,980
2023-09-23 09:40:30,0,980
2023-09-23 09:40:30,0,980
2023-09-23 09:40:31,0,980
2023-09-23 09:40:31,0,980
2023-09-23 09:40:31,0,980
2023-09-23 09:40:31,0,980
2023-09-23 09:40:31,0,980
2023-09-23 09:40:31,0,980
2023-09-23 09:40:31,0,980
2023-09-23 09:40:31,0,980
2023-09-23 09:40:31,0,980
2023-09-23 09:40:31,0,980
2023-09-23 09:40:32,0,980
2023-09-23 09:40:32,0,980
2023-09-23 09:40:32,0,980
2023-09-23 09:40:32,0,980
2023-09-23 09:40:32,0,980
2023-09-23 09:40:32,0,980
2023-09-23 09:40:32,0,980
2023-09-23 09:40:32,0,980
2023-09-23 09:40:32,0,980
2023-09-23 09:40:32,0,980
2023-09-23 09:40:33,0,980
2023-09-23 09:40:33,0,980
2023-09-23 09:40:33,0,980
2023-09-23 09:40:33,0,980
2023-09-23 09:40:33,0,980
2023-09-23 09:40:33,0,980
2023-09-23 09:40:33,0,980
2023-09-23 09:40:33,0,980
2023-09-23 09:40:33,0,980
2023-09-23 09:40:33,0,980
2023-09-23 09:40:34,0,980
2023-09-23 09:40:34,0,980
2023-09-23 09:40:34,0,980
2023-09-23 09:40:34,0,980
2023-09-23 09:40:34,0,980
2023-09-23 09:40:34,0,980
2023-09-23 09:40:34,0,980
2023-09-23 09:40:34,0,980
2023-09-23 09:40:34,1,979
2023-09-23 09:40:34,0,980
2023-09-23 09:40:35,0,980
2023-09-23 09:40:35,0,980
2023-09-23 09:40:35,0,980
2023-09-23 09:40:35,0,980
2023-09-23 09:40:35,0,980
2023-09-23 09:40:35,0,980
2023-09-23 09:40:35,0,980
2023-09-23 09:40:35,0,980
2023-09-23 09:40:35,0,980
2023-09-23 09:40:35,0,980
2023-09-23 09:40:36,0,980
2023-09-23 09:40:36,1,979
2023-09-23 09:40:36,0,980
2023-09-23 09:40:36,0,980
2023-09-23 09:40:36,0,980
2023-09-23 09:40:36,0,980
2023-09-23 09:40:36,0,980
2023-09-23 09:40:36,0,980
2023-09-23 09:40:36,0,980
2023-09-23 09:40:36,0,980
2023-09-23 09:40:37,0,980
2023-09-23 09:40:37,0,980
2023-09-23 09:40:37,0,980
2023-09-23 09:40:37,0,980
2023-09-23 09:40:37,0,980
2023-09-23 09:40:37,0,980
2023-09-23 09:40:37,0,980
2023-09-23 09:40:37,0,980
2023-09-23 09:40:37,0,980
2023-09-23 09:40:37,0,980
2023-09-23 09:40:38,0,980
2023-09-23 09:40:38,0,980
2023-09-23 09:40:38,0,980
2023-09-23 09:40:38,0,980
2023-09-23 09:40:38,2,978
2023-09-23 09:40:38,0,980
2023-09-23 09:40:38,0,980
2023-09-23 09:40:38,0,980
2023-09-23 09:40:38,0,980
2023-09-23 09:40:38,0,980
2023-09-23 09:40:39,0,980
2023-09-23 09:40:39,0,980
2023-09-23 09:40:39,0,980
2023-09-23 09:40:39,0,980
2023-09-23 09:40:39,0,980
2023-09-23 09:40:39,0,980
2023-09-23 09:40:39,0,980
2023-09-23 09:40:39,0,980
2023-09-23 09:40:39,0,980
2023-09-23 09:40:40,0,980
2023-09-23 09:40:40,0,980
2023-09-23 09:40:40,0,980
2023-09-23 09:40:40,0,980
2023-09-23 09:40:40,0,980
2023-09-23 09:40:40,0,980
2023-09-23 09:40:40,0,980
2023-09-23 09:40:40,0,980
2023-09-23 09:40:40,0,980
2023-09-23 09:40:40,0,980
2023-09-23 09:40:41,0,980
2023-09-23 09:40:41,0,980
2023-09-23 09:40:41,0,980
2023-09-23 09:40:41,0,980
2023-09-23 09:40:41,0,980
2023-09-23 09:40:41,0,980
2023-09-23 09:40:41,0,980
2023-09-23 09:40:41,0,980
2023-09-23 09:40:41,0,980
2023-09-23 09:40:41,0,980
2023-09-23 09:40:42,0,980
2023-09-23 09:40:42,0,980
2023-09-23 09:40:42,0,980
2023-09-23 09:40:42,0,980
2023-09-23 09:40:42,0,980
2023-09-23 09:40:42,0,980
2023-09-23 09:40:42,0,980
2023-09-23 09:40:42,0,980
2023-09-23 09:40:42,0,980
2023-09-23 09:40:42,0,980
2023-09-23 09:40:43,0,980
2023-09-23 09:40:43,0,980
2023-09-23 09:40:43,0,980
2023-09-23 09:40:43,0,980
2023-09-23 09:40:43,0,980
2023-09-23 09:40:43,0,980
2023-09-23 09:40:43,0,980
2023-09-23 09:40:43,0,980
2023-09-23 09:40:43,0,980
2023-09-23 09:40:43,0,980
2023-09-23 09:40:44,0,980
2023-09-23 09:40:44,0,980
2023-09-23 09:40:44,0,980
2023-09-23 09:40:44,0,980
2023-09-23 09:40:44,0,980
2023-09-23 09:40:44,0,980
2023-09-23 09:40:44,0,980
2023-09-23 09:40:44,0,980
2023-09-23 09:40:44,0,980
2023-09-23 09:40:44,0,980
2023-09-23 09:40:45,0,980
2023-09-23 09:40:45,0,980
2023-09-23 09:40:45,0,980
2023-09-23 09:40:45,0,980
2023-09-23 09:40:45,0,980
2023-09-23 09:40:45,0,980
2023-09-23 09:40:45,1,979
2023-09-23 09:40:45,0,980
2023-09-23 09:40:45,0,980
2023-09-23 09:40:45,0,980
2023-09-23 09:40:46,0,980
2023-09-23 09:40:46,0,980
2023-09-23 09:40:46,0,980
2023-09-23 09:40:46,0,980
2023-09-23 09:40:46,0,980
2023-09-23 09:40:46,1,979
2023-09-23 09:40:46,0,980
2023-09-23 09:40:46,0,980
2023-09-23 09:40:46,0,980
2023-09-23 09:40:46,0,980
2023-09-23 09:40:47,0,980
2023-09-23 09:40:47,0,980
2023-09-23 09:40:47,0,980
2023-09-23 09:40:47,0,980
2023-09-23 09:40:47,0,980
2023-09-23 09:40:47,0,980
2023-09-23 09:40:47,0,980
2023-09-23 09:40:47,0,980
2023-09-23 09:40:47,0,980
2023-09-23 09:40:47,0,980
2023-09-23 09:40:48,0,980
2023-09-23 09:40:48,0,980
2023-09-23 09:40:48,0,980
2023-09-23 09:40:48,0,980
2023-09-23 09:40:48,0,980
2023-09-23 09:40:48,0,980
2023-09-23 09:40:48,0,980
2023-09-23 09:40:48,0,980
2023-09-23 09:40:48,0,980
2023-09-23 09:40:48,0,980
2023-09-23 09:40:49,0,980
2023-09-23 09:40:49,0,980
2023-09-23 09:40:49,0,980
2023-09-23 09:40:49,0,980
2023-09-23 09:40:49,0,980
2023-09-23 09:40:49,0,980
2023-09-23 09:40:49,0,980
2023-09-23 09:40:49,0,980
2023-09-23 09:40:49,0,980
2023-09-23 09:40:49,0,980
2023-09-23 09:40:50,0,980
2023-09-23 09:40:50,0,980
2023-09-23 09:40:50,0,980
2023-09-23 09:40:50,0,980
2023-09-23 09:40:50,0,980
2023-09-23 09:40:50,0,980
2023-09-23 09:40:50,0,980
2023-09-23 09:40:50,0,980
2023-09-23 09:40:50,0,980
2023-09-23 09:40:50,0,980
2023-09-23 09:40:51,0,980
2023-09-23 09:40:51,0,980
2023-09-23 09:40:51,0,980
2023-09-23 09:40:51,0,980
2023-09-23 09:40:51,0,980
2023-09-23 09:40:51,0,980
2023-09-23 09:40:51,0,980
2023-09-23 09:40:51,0,980
2023-09-23 09:40:51,0,980
2023-09-23 09:40:51,0,980
2023-09-23 09:40:52,0,980
2023-09-23 09:40:52,0,980
2023-09-23 09:40:52,0,980
2023-09-23 09:40:52,0,980
2023-09-23 09:40:52,0,980
2023-09-23 09:40:52,0,980
2023-09-23 09:40:52,0,980
2023-09-23 09:40:52,0,980
2023-09-23 09:40:52,0,980
2023-09-23 09:40:52,0,980
2023-09-23 09:40:53,0,980
2023-09-23 09:40:53,0,980
2023-09-23 09:40:53,0,980
2023-09-23 09:40:53,0,980
2023-09-23 09:40:53,0,980
2023-09-23 09:40:53,0,980
2023-09-23 09:40:53,0,980
2023-09-23 09:40:53,0,980
2023-09-23 09:40:53,0,980
2023-09-23 09:40:53,0,980
2023-09-23 09:40:54,0,980
2023-09-23 09:40:54,0,980
2023-09-23 09:40:54,0,980
2023-09-23 09:40:54,0,980
2023-09-23 09:40:54,0,980
2023-09-23 09:40:54,0,980
2023-09-23 09:40:54,0,980
2023-09-23 09:40:54,0,980
2023-09-23 09:40:54,0,980
2023-09-23 09:40:55,0,980
2023-09-23 09:40:55,0,980
2023-09-23 09:40:55,0,980
2023-09-23 09:40:55,0,980
2023-09-23 09:40:55,0,980
2023-09-23 09:40:55,0,980
2023-09-23 09:40:55,0,980
2023-09-23 09:40:55,0,980
2023-09-23 09:40:55,0,980
2023-09-23 09:40:55,0,980
2023-09-23 09:40:56,0,980
2023-09-23 09:40:56,0,980
2023-09-23 09:40:56,0,980
2023-09-23 09:40:56,0,980
2023-09-23 09:40:56,0,980
2023-09-23 09:40:56,0,980
2023-09-23 09:40:56,0,980
2023-09-23 09:40:56,0,980
2023-09-23 09:40:56,0,980
2023-09-23 09:40:56,0,980
2023-09-23 09:40:57,0,980
2023-09-23 09:40:57,0,980
2023-09-23 09:40:57,0,980
2023-09-23 09:40:57,0,980
2023-09-23 09:40:57,0,980
2023-09-23 09:40:57,0,980
2023-09-23 09:40:57,0,980
2023-09-23 09:40:57,0,980
2023-09-23 09:40:57,1,979
2023-09-23 09:40:57,0,980
2023-09-23 09:40:58,1,979
2023-09-23 09:40:58,0,980
2023-09-23 09:40:58,0,980
2023-09-23 09:40:58,0,980
2023-09-23 09:40:58,0,980
2023-09-23 09:40:58,0,980
2023-09-23 09:40:58,0,980
2023-09-23 09:40:58,0,980
2023-09-23 09:40:58,0,980
2023-09-23 09:40:58,0,980
2023-09-23 09:40:59,0,980
2023-09-23 09:40:59,0,980
2023-09-23 09:40:59,0,980
2023-09-23 09:40:59,0,980
2023-09-23 09:40:59,0,980
2023-09-23 09:40:59,0,980
2023-09-23 09:40:59,0,980
2023-09-23 09:40:59,1,979
2023-09-23 09:40:59,0,980
2023-09-23 09:40:59,0,980
2023-09-23 09:41:00,1,979
2023-09-23 09:41:00,0,980
2023-09-23 09:41:00,0,980
2023-09-23 09:41:00,0,980
2023-09-23 09:41:00,0,980
2023-09-23 09:41:00,0,980
2023-09-23 09:41:00,0,980
2023-09-23 09:41:00,0,980
2023-09-23 09:41:00,0,980
2023-09-23 09:41:00,0,980
2023-09-23 09:41:01,0,980
2023-09-23 09:41:01,0,980
2023-09-23 09:41:01,0,980
2023-09-23 09:41:01,0,980
2023-09-23 09:41:01,0,980
2023-09-23 09:41:01,0,980
2023-09-23 09:41:01,0,980
2023-09-23 09:41:01,0,980
2023-09-23 09:41:01,0,980
2023-09-23 09:41:01,0,980
2023-09-23 09:41:02,0,980
2023-09-23 09:41:02,0,980
2023-09-23 09:41:02,0,980
2023-09-23 09:41:02,0,980
2023-09-23 09:41:02,0,980
2023-09-23 09:41:02,0,980
2023-09-23 09:41:02,0,980
2023-09-23 09:41:02,0,980
2023-09-23 09:41:02,0,980
2023-09-23 09:41:02,0,980
2023-09-23 09:41:03,0,980
2023-09-23 09:41:03,0,980
2023-09-23 09:41:03,0,980
2023-09-23 09:41:03,0,980
2023-09-23 09:41:03,0,980
2023-09-23 09:41:03,0,980
2023-09-23 09:41:03,0,980
2023-09-23 09:41:03,0,980
2023-09-23 09:41:03,0,980
2023-09-23 09:41:03,0,980
2023-09-23 09:41:04,1,979
2023-09-23 09:41:04,0,980
2023-09-23 09:41:04,0,980
2023-09-23 09:41:04,0,980
2023-09-23 09:41:04,0,980
2023-09-23 09:41:04,0,980
2023-09-23 09:41:04,0,980
2023-09-23 09:41:04,0,980
2023-09-23 09:41:04,0,980
2023-09-23 09:41:04,0,980
2023-09-23 09:41:05,0,980
2023-09-23 09:41:05,0,980
2023-09-23 09:41:05,0,980
2023-09-23 09:41:05,0,980
2023-09-23 09:41:05,0,980
2023-09-23 09:41:05,0,980
2023-09-23 09:41:05,0,980
2023-09-23 09:41:05,0,980
2023-09-23 09:41:05,0,980
2023-09-23 09:41:05,0,980
2023-09-23 09:41:06,0,980
2023-09-23 09:41:06,0,980
2023-09-23 09:41:06,0,980
2023-09-23 09:41:06,0,980
2023-09-23 09:41:06,0,980
2023-09-23 09:41:06,0,980
2023-09-23 09:41:06,0,980
2023-09-23 09:41:06,0,980
2023-09-23 09:41:06,0,980
2023-09-23 09:41:06,0,980
2023-09-23 09:41:07,0,980
2023-09-23 09:41:07,0,980
2023-09-23 09:41:07,0,980
2023-09-23 09:41:07,0,980
2023-09-23 09:41:07,0,980
2023-09-23 09:41:07,0,980
2023-09-23 09:41:07,0,980
2023-09-23 09:41:07,0,980
2023-09-23 09:41:07,0,980
2023-09-23 09:41:07,0,980
2023-09-23 09:41:08,3,977
2023-09-23 09:41:08,0,980
2023-09-23 09:41:08,0,980
2023-09-23 09:41:08,0,980
2023-09-23 09:41:08,0,980
2023-09-23 09:41:08,0,980
2023-09-23 09:41:08,0,980
2023-09-23 09:41:08,0,980
2023-09-23 09:41:08,0,980
2023-09-23 09:41:09,0,980
2023-09-23 09:41:09,0,980
2023-09-23 09:41:09,0,980
2023-09-23 09:41:09,0,980
2023-09-23 09:41:09,0,980
2023-09-23 09:41:09,0,980
2023-09-23 09:41:09,0,980
2023-09-23 09:41:09,0,980
2023-09-23 09:41:09,0,980
2023-09-23 09:41:09,0,980
2023-09-23 09:41:10,0,980
2023-09-23 09:41:10,0,980
2023-09-23 09:41:10,0,980
2023-09-23 09:41:10,0,980
2023-09-23 09:41:10,0,980
2023-09-23 09:41:10,0,980
2023-09-23 09:41:10,0,980
2023-09-23 09:41:10,0,980
2023-09-23 09:41:10,0,980
2023-09-23 09:41:10,0,980
2023-09-23 09:41:11,0,980
2023-09-23 09:41:11,0,980
2023-09-23 09:41:11,0,980
2023-09-23 09:41:11,0,980
2023-09-23 09:41:11,0,980
2023-09-23 09:41:11,0,980
2023-09-23 09:41:11,0,980
2023-09-23 09:41:11,0,980
2023-09-23 09:41:11,0,980
2023-09-23 09:41:11,0,980
2023-09-23 09:41:12,0,980
2023-09-23 09:41:12,0,980
2023-09-23 09:41:12,0,980
2023-09-23 09:41:12,0,980
2023-09-23 09:41:12,0,980
2023-09-23 09:41:12,0,980
2023-09-23 09:41:12,0,980
2023-09-23 09:41:12,0,980
2023-09-23 09:41:12,0,980
2023-09-23 09:41:12,0,980
2023-09-23 09:41:13,0,980
2023-09-23 09:41:13,0,980
2023-09-23 09:41:13,0,980
2023-09-23 09:41:13,0,980
2023-09-23 09:41:13,0,980
2023-09-23 09:41:13,0,980
2023-09-23 09:41:13,0,980
2023-09-23 09:41:13,0,980
2023-09-23 09:41:13,0,980
2023-09-23 09:41:13,0,980
2023-09-23 09:41:14,0,980
2023-09-23 09:41:14,0,980
2023-09-23 09:41:14,0,980
2023-09-23 09:41:14,0,980
2023-09-23 09:41:14,0,980
2023-09-23 09:41:14,0,980
2023-09-23 09:41:14,0,980
2023-09-23 09:41:14,0,980
2023-09-23 09:41:14,0,980
2023-09-23 09:41:14,0,980
2023-09-23 09:41:15,0,980
2023-09-23 09:41:15,0,980
2023-09-23 09:41:15,0,980
2023-09-23 09:41:15,0,980
2023-09-23 09:41:15,0,980
2023-09-23 09:41:15,0,980
2023-09-23 09:41:15,0,980
2023-09-23 09:41:15,0,980
2023-09-23 09:41:15,0,980
2023-09-23 09:41:15,0,980
2023-09-23 09:41:16,0,980
2023-09-23 09:41:16,0,980
2023-09-23 09:41:16,0,980
2023-09-23 09:41:16,0,980
2023-09-23 09:41:16,0,980
2023-09-23 09:41:16,0,980
2023-09-23 09:41:16,0,980
2023-09-23 09:41:16,0,980
2023-09-23 09:41:16,0,980
2023-09-23 09:41:16,0,980
2023-09-23 09:41:17,0,980
2023-09-23 09:41:17,0,980
2023-09-23 09:41:17,0,980
2023-09-23 09:41:17,0,980
2023-09-23 09:41:17,0,980
2023-09-23 09:41:17,0,980
2023-09-23 09:41:17,0,980
2023-09-23 09:41:17,0,980
2023-09-23 09:41:17,0,980
2023-09-23 09:41:17,0,980
2023-09-23 09:41:18,0,980
2023-09-23 09:41:18,0,980
2023-09-23 09:41:18,0,980
2023-09-23 09:41:18,0,980
2023-09-23 09:41:18,0,980
2023-09-23 09:41:18,0,980
2023-09-23 09:41:18,0,980
2023-09-23 09:41:18,0,980
2023-09-23 09:41:18,0,980
2023-09-23 09:41:18,0,980
2023-09-23 09:41:19,0,980
2023-09-23 09:41:19,0,980
2023-09-23 09:41:19,0,980
2023-09-23 09:41:19,0,980
2023-09-23 09:41:19,0,980
2023-09-23 09:41:19,0,980
2023-09-23 09:41:19,0,980
2023-09-23 09:41:19,0,980
2023-09-23 09:41:19,0,980
2023-09-23 09:41:19,0,980
2023-09-23 09:41:20,0,980
2023-09-23 09:41:20,0,980
2023-09-23 09:41:20,2,978
2023-09-23 09:41:20,0,980
2023-09-23 09:41:20,0,980
2023-09-23 09:41:20,0,980
2023-09-23 09:41:20,0,980
2023-09-23 09:41:20,0,980
2023-09-23 09:41:20,0,980
2023-09-23 09:41:20,0,980
2023-09-23 09:41:21,0,980
2023-09-23 09:41:21,0,980
2023-09-23 09:41:21,0,980
2023-09-23 09:41:21,2,978
2023-09-23 09:41:21,0,980
2023-09-23 09:41:21,0,980
2023-09-23 09:41:21,0,980
2023-09-23 09:41:21,0,980
2023-09-23 09:41:21,0,980
2023-09-23 09:41:21,0,980
2023-09-23 09:41:22,0,980
2023-09-23 09:41:22,0,980
2023-09-23 09:41:22,0,980
2023-09-23 09:41:22,0,980
2023-09-23 09:41:22,0,980
2023-09-23 09:41:22,0,980
2023-09-23 09:41:22,0,980
2023-09-23 09:41:22,0,980
2023-09-23 09:41:22,0,980
2023-09-23 09:41:22,0,980
2023-09-23 09:41:23,0,980
2023-09-23 09:41:23,0,980
2023-09-23 09:41:23,0,980
2023-09-23 09:41:23,0,980
2023-09-23 09:41:23,0,980
2023-09-23 09:41:23,0,980
2023-09-23 09:41:23,0,980
2023-09-23 09:41:23,0,980
2023-09-23 09:41:23,0,980
2023-09-23 09:41:24,0,980
2023-09-23 09:41:24,0,980
2023-09-23 09:41:24,0,980
2023-09-23 09:41:24,0,980
2023-09-23 09:41:24,0,980
2023-09-23 09:41:24,0,980
2023-09-23 09:41:24,0,980
2023-09-23 09:41:24,0,980
2023-09-23 09:41:24,0,980
2023-09-23 09:41:24,0,980
2023-09-23 09:41:25,0,980
2023-09-23 09:41:25,0,980
2023-09-23 09:41:25,0,980
2023-09-23 09:41:25,0,980
2023-09-23 09:41:25,0,980
2023-09-23 09:41:25,0,980
2023-09-23 09:41:25,0,980
2023-09-23 09:41:25,0,980
2023-09-23 09:41:25,0,980
2023-09-23 09:41:25,0,980
2023-09-23 09:41:26,0,980
2023-09-23 09:41:26,0,980
2023-09-23 09:41:26,0,980
2023-09-23 09:41:26,0,980
2023-09-23 09:41:26,0,980
2023-09-23 09:41:26,0,980
2023-09-23 09:41:26,0,980
2023-09-23 09:41:26,0,980
2023-09-23 09:41:26,0,980
2023-09-23 09:41:26,0,980
2023-09-23 09:41:27,0,980
2023-09-23 09:41:27,0,980
2023-09-23 09:41:27,0,980
2023-09-23 09:41:27,0,980
2023-09-23 09:41:27,0,980
2023-09-23 09:41:27,0,980
2023-09-23 09:41:27,0,980
2023-09-23 09:41:27,0,980
2023-09-23 09:41:27,0,980
2023-09-23 09:41:27,0,980
2023-09-23 09:41:28,0,980
2023-09-23 09:41:28,0,980
2023-09-23 09:41:28,0,980
2023-09-23 09:41:28,0,980
2023-09-23 09:41:28,0,980
2023-09-23 09:41:28,0,980
2023-09-23 09:41:28,0,980
2023-09-23 09:41:28,0,980
2023-09-23 09:41:28,0,980
2023-09-23 09:41:28,0,980
2023-09-23 09:41:29,0,980
2023-09-23 09:41:29,0,980
2023-09-23 09:41:29,0,980
2023-09-23 09:41:29,0,980
2023-09-23 09:41:29,0,980
2023-09-23 09:41:29,0,980
2023-09-23 09:41:29,0,980
2023-09-23 09:41:29,0,980
2023-09-23 09:41:29,0,980
2023-09-23 09:41:29,0,980
2023-09-23 09:41:30,0,980
2023-09-23 09:41:30,0,980
2023-09-23 09:41:30,0,980
2023-09-23 09:41:30,0,980
2023-09-23 09:41:30,0,980
2023-09-23 09:41:30,0,980
2023-09-23 09:41:30,0,980
2023-09-23 09:41:30,0,980
2023-09-23 09:41:30,0,980
2023-09-23 09:41:30,0,980
2023-09-23 09:41:31,0,980
2023-09-23 09:41:31,0,980
2023-09-23 09:41:31,0,980
2023-09-23 09:41:31,0,980
2023-09-23 09:41:31,0,980
2023-09-23 09:41:31,0,980
2023-09-23 09:41:31,0,980
2023-09-23 09:41:31,0,980
2023-09-23 09:41:31,0,980
2023-09-23 09:41:31,0,980
2023-09-23 09:41:32,0,980
2023-09-23 09:41:32,0,980
2023-09-23 09:41:32,0,980
2023-09-23 09:41:32,0,980
2023-09-23 09:41:32,0,980
2023-09-23 09:41:32,0,980
2023-09-23 09:41:32,0,980
2023-09-23 09:41:32,0,980
2023-09-23 09:41:32,0,980
2023-09-23 09:41:32,0,980
2023-09-23 09:41:33,0,980
2023-09-23 09:41:33,0,980
2023-09-23 09:41:33,0,980
2023-09-23 09:41:33,0,980
2023-09-23 09:41:33,0,980
2023-09-23 09:41:33,0,980
2023-09-23 09:41:33,0,980
2023-09-23 09:41:33,0,980
2023-09-23 09:41:33,0,980
2023-09-23 09:41:33,0,980
2023-09-23 09:41:34,3,977
2023-09-23 09:41:34,0,980
2023-09-23 09:41:34,0,980
2023-09-23 09:41:34,0,980
2023-09-23 09:41:34,0,980
2023-09-23 09:41:34,0,980
2023-09-23 09:41:34,0,980
2023-09-23 09:41:34,0,980
2023-09-23 09:41:34,0,980
2023-09-23 09:41:34,0,980
2023-09-23 09:41:35,0,980
2023-09-23 09:41:35,0,980
2023-09-23 09:41:35,0,980
2023-09-23 09:41:35,0,980
2023-09-23 09:41:35,0,980
2023-09-23 09:41:35,0,980
2023-09-23 09:41:35,0,980
2023-09-23 09:41:35,0,980
2023-09-23 09:41:35,1,979
2023-09-23 09:41:35,0,980
2023-09-23 09:41:36,0,980
2023-09-23 09:41:36,0,980
2023-09-23 09:41:36,0,980
2023-09-23 09:41:36,0,980
2023-09-23 09:41:36,0,980
2023-09-23 09:41:36,0,980
2023-09-23 09:41:36,0,980
2023-09-23 09:41:36,0,980
2023-09-23 09:41:36,0,980
2023-09-23 09:41:36,0,980
2023-09-23 09:41:37,0,980
2023-09-23 09:41:37,0,980
2023-09-23 09:41:37,0,980
2023-09-23 09:41:37,0,980
2023-09-23 09:41:37,0,980
2023-09-23 09:41:37,0,980
2023-09-23 09:41:37,0,980
2023-09-23 09:41:37,0,980
2023-09-23 09:41:37,0,980
2023-09-23 09:41:37,0,980
2023-09-23 09:41:38,0,980
2023-09-23 09:41:38,0,980
2023-09-23 09:41:38,0,980
2023-09-23 09:41:38,0,980
2023-09-23 09:41:38,0,980
2023-09-23 09:41:38,0,980
2023-09-23 09:41:38,0,980
2023-09-23 09:41:38,0,980
2023-09-23 09:41:38,1,979
2023-09-23 09:41:39,0,980
2023-09-23 09:41:39,0,980
2023-09-23 09:41:39,0,980
2023-09-23 09:41:39,0,980
2023-09-23 09:41:39,0,980
2023-09-23 09:41:39,0,980
2023-09-23 09:41:39,0,980
2023-09-23 09:41:39,0,980
2023-09-23 09:41:39,0,980
2023-09-23 09:41:39,0,980
2023-09-23 09:41:40,0,980
2023-09-23 09:41:40,0,980
2023-09-23 09:41:40,0,980
2023-09-23 09:41:40,0,980
2023-09-23 09:41:40,0,980
2023-09-23 09:41:40,0,980
2023-09-23 09:41:40,0,980
2023-09-23 09:41:40,0,980
2023-09-23 09:41:40,0,980
2023-09-23 09:41:40,0,980
2023-09-23 09:41:41,0,980
2023-09-23 09:41:41,0,980
2023-09-23 09:41:41,0,980
2023-09-23 09:41:41,0,980
2023-09-23 09:41:41,0,980
2023-09-23 09:41:41,0,980
2023-09-23 09:41:41,0,980
2023-09-23 09:41:41,0,980
2023-09-23 09:41:41,0,980
2023-09-23 09:41:41,0,980
2023-09-23 09:41:42,0,980
2023-09-23 09:41:42,1,979
2023-09-23 09:41:42,0,980
2023-09-23 09:41:42,0,980
2023-09-23 09:41:42,0,980
2023-09-23 09:41:42,0,980
2023-09-23 09:41:42,0,980
2023-09-23 09:41:42,0,980
2023-09-23 09:41:42,0,980
2023-09-23 09:41:42,0,980
2023-09-23 09:41:43,0,980
2023-09-23 09:41:43,0,980
2023-09-23 09:41:43,0,980
2023-09-23 09:41:43,0,980
2023-09-23 09:41:43,0,980
2023-09-23 09:41:43,0,980
2023-09-23 09:41:43,0,980
2023-09-23 09:41:43,1,979
2023-09-23 09:41:43,0,980
2023-09-23 09:41:43,0,980
2023-09-23 09:41:44,0,980
2023-09-23 09:41:44,0,980
2023-09-23 09:41:44,0,980
2023-09-23 09:41:44,0,980
2023-09-23 09:41:44,0,980
2023-09-23 09:41:44,1,979
2023-09-23 09:41:44,0,980
2023-09-23 09:41:44,0,980
2023-09-23 09:41:44,0,980
2023-09-23 09:41:44,0,980
2023-09-23 09:41:45,0,980
2023-09-23 09:41:45,0,980
2023-09-23 09:41:45,0,980
2023-09-23 09:41:45,0,980
2023-09-23 09:41:45,0,980
2023-09-23 09:41:45,0,980
2023-09-23 09:41:45,0,980
2023-09-23 09:41:45,0,980
2023-09-23 09:41:45,0,980
2023-09-23 09:41:45,0,980
2023-09-23 09:41:46,0,980
2023-09-23 09:41:46,0,980
2023-09-23 09:41:46,0,980
2023-09-23 09:41:46,0,980
2023-09-23 09:41:46,0,980
2023-09-23 09:41:46,0,980
2023-09-23 09:41:46,0,980
2023-09-23 09:41:46,0,980
2023-09-23 09:41:46,0,980
2023-09-23 09:41:46,0,980
2023-09-23 09:41:47,0,980
2023-09-23 09:41:47,0,980
2023-09-23 09:41:47,0,980
2023-09-23 09:41:47,0,980
2023-09-23 09:41:47,0,980
2023-09-23 09:41:47,0,980
2023-09-23 09:41:47,0,980
2023-09-23 09:41:47,0,980
2023-09-23 09:41:47,0,980
2023-09-23 09:41:47,0,980
2023-09-23 09:41:48,0,980
2023-09-23 09:41:48,0,980
2023-09-23 09:41:48,0,980
2023-09-23 09:41:48,0,980
2023-09-23 09:41:48,0,980
2023-09-23 09:41:48,0,980
2023-09-23 09:41:48,0,980
2023-09-23 09:41:48,0,980
2023-09-23 09:41:48,0,980
2023-09-23 09:41:48,0,980
2023-09-23 09:41:49,0,980
2023-09-23 09:41:49,0,980
2023-09-23 09:41:49,0,980
2023-09-23 09:41:49,0,980
2023-09-23 09:41:49,0,980
2023-09-23 09:41:49,0,980
2023-09-23 09:41:49,0,980
2023-09-23 09:41:49,0,980
2023-09-23 09:41:49,0,980
2023-09-23 09:41:49,0,980
2023-09-23 09:41:50,0,980
2023-09-23 09:41:50,0,980
2023-09-23 09:41:50,0,980
2023-09-23 09:41:50,0,980
2023-09-23 09:41:50,0,980
2023-09-23 09:41:50,0,980
2023-09-23 09:41:50,0,980
2023-09-23 09:41:50,0,980
2023-09-23 09:41:50,0,980
2023-09-23 09:41:50,0,980
2023-09-23 09:41:51,0,980
2023-09-23 09:41:51,0,980
2023-09-23 09:41:51,0,980
2023-09-23 09:41:51,0,980
2023-09-23 09:41:51,0,980
2023-09-23 09:41:51,0,980
2023-09-23 09:41:51,0,980
2023-09-23 09:41:51,0,980
2023-09-23 09:41:51,0,980
2023-09-23 09:41:51,0,980
2023-09-23 09:41:52,1,979
2023-09-23 09:41:52,0,980
2023-09-23 09:41:52,0,980
2023-09-23 09:41:52,0,980
2023-09-23 09:41:52,0,980
2023-09-23 09:41:52,0,980
2023-09-23 09:41:52,0,980
2023-09-23 09:41:52,0,980
2023-09-23 09:41:52,0,980
2023-09-23 09:41:52,0,980
2023-09-23 09:41:53,0,980
2023-09-23 09:41:53,0,980
2023-09-23 09:41:53,0,980
2023-09-23 09:41:53,0,980
2023-09-23 09:41:53,0,980
2023-09-23 09:41:53,0,980
2023-09-23 09:41:53,0,980
2023-09-23 09:41:53,0,980
2023-09-23 09:41:53,0,980
2023-09-23 09:41:54,0,980
2023-09-23 09:41:54,0,980
2023-09-23 09:41:54,0,980
2023-09-23 09:41:54,0,980
2023-09-23 09:41:54,0,980
2023-09-23 09:41:54,0,980
2023-09-23 09:41:54,0,980
2023-09-23 09:41:54,0,980
2023-09-23 09:41:54,0,980
2023-09-23 09:41:54,0,980
2023-09-23 09:41:55,0,980
2023-09-23 09:41:55,0,980
2023-09-23 09:41:55,0,980
2023-09-23 09:41:55,0,980
2023-09-23 09:41:55,0,980
2023-09-23 09:41:55,0,980
2023-09-23 09:41:55,0,980
2023-09-23 09:41:55,0,980
2023-09-23 09:41:55,0,980
2023-09-23 09:41:55,0,980
2023-09-23 09:41:56,0,980
2023-09-23 09:41:56,0,980
2023-09-23 09:41:56,0,980
2023-09-23 09:41:56,0,980
2023-09-23 09:41:56,0,980
2023-09-23 09:41:56,0,980
2023-09-23 09:41:56,0,980
2023-09-23 09:41:56,0,980
2023-09-23 09:41:56,0,980
2023-09-23 09:41:56,0,980
2023-09-23 09:41:57,0,980
2023-09-23 09:41:57,0,980
2023-09-23 09:41:57,0,980
2023-09-23 09:41:57,0,980
2023-09-23 09:41:57,0,980
2023-09-23 09:41:57,0,980
2023-09-23 09:41:57,0,980
2023-09-23 09:41:57,0,980
2023-09-23 09:41:57,0,980
2023-09-23 09:41:57,0,980
2023-09-23 09:41:58,0,980
2023-09-23 09:41:58,0,980
2023-09-23 09:41:58,0,980
2023-09-23 09:41:58,0,980
2023-09-23 09:41:58,0,980
2023-09-23 09:41:58,0,980
2023-09-23 09:41:58,0,980
2023-09-23 09:41:58,0,980
2023-09-23 09:41:58,0,980
2023-09-23 09:41:58,0,980
2023-09-23 09:41:59,0,980
2023-09-23 09:41:59,0,980
2023-09-23 09:41:59,0,980
2023-09-23 09:41:59,0,980
2023-09-23 09:41:59,0,980
2023-09-23 09:41:59,0,980
2023-09-23 09:41:59,0,980
2023-09-23 09:41:59,0,980
2023-09-23 09:41:59,0,980
2023-09-23 09:41:59,0,980
2023-09-23 09:42:00,0,980
2023-09-23 09:42:00,0,980
2023-09-23 09:42:00,0,980
2023-09-23 09:42:00,0,980
2023-09-23 09:42:00,0,980
2023-09-23 09:42:00,0,980
2023-09-23 09:42:00,0,980
2023-09-23 09:42:00,0,980
2023-09-23 09:42:00,0,980
2023-09-23 09:42:00,0,980
2023-09-23 09:42:01,0,980
2023-09-23 09:42:01,0,980
2023-09-23 09:42:01,0,980
2023-09-23 09:42:01,0,980
2023-09-23 09:42:01,0,980
2023-09-23 09:42:01,0,980
2023-09-23 09:42:01,0,980
2023-09-23 09:42:01,0,980
2023-09-23 09:42:01,0,980
2023-09-23 09:42:01,0,980
2023-09-23 09:42:02,0,980
2023-09-23 09:42:02,0,980
2023-09-23 09:42:02,1,979
2023-09-23 09:42:02,0,980
2023-09-23 09:42:02,0,980
2023-09-23 09:42:02,0,980
2023-09-23 09:42:02,0,980
2023-09-23 09:42:02,0,980
2023-09-23 09:42:02,0,980
2023-09-23 09:42:02,0,980
2023-09-23 09:42:03,0,980
2023-09-23 09:42:03,0,980
2023-09-23 09:42:03,0,980
2023-09-23 09:42:03,0,980
2023-09-23 09:42:03,0,980
2023-09-23 09:42:03,0,980
2023-09-23 09:42:03,0,980
2023-09-23 09:42:03,0,980
2023-09-23 09:42:03,0,980
2023-09-23 09:42:03,0,980
2023-09-23 09:42:04,0,980
2023-09-23 09:42:04,0,980
2023-09-23 09:42:04,0,980
2023-09-23 09:42:04,0,980
2023-09-23 09:42:04,0,980
2023-09-23 09:42:04,0,980
2023-09-23 09:42:04,0,980
2023-09-23 09:42:04,0,980
2023-09-23 09:42:04,0,980
2023-09-23 09:42:04,0,980
2023-09-23 09:42:05,0,980
2023-09-23 09:42:05,0,980
2023-09-23 09:42:05,0,980
2023-09-23 09:42:05,0,980
2023-09-23 09:42:05,0,980
2023-09-23 09:42:05,0,980
2023-09-23 09:42:05,0,980
2023-09-23 09:42:05,0,980
2023-09-23 09:42:05,0,980
2023-09-23 09:42:05,0,980
2023-09-23 09:42:06,0,980
2023-09-23 09:42:06,0,980
2023-09-23 09:42:06,0,980
2023-09-23 09:42:06,0,980
2023-09-23 09:42:06,0,980
2023-09-23 09:42:06,1,979
2023-09-23 09:42:06,0,980
2023-09-23 09:42:06,0,980
2023-09-23 09:42:06,0,980
2023-09-23 09:42:06,0,980
2023-09-23 09:42:07,0,980
2023-09-23 09:42:07,0,980
2023-09-23 09:42:07,0,980
2023-09-23 09:42:07,0,980
2023-09-23 09:42:07,0,980
2023-09-23 09:42:07,0,980
2023-09-23 09:42:07,0,980
2023-09-23 09:42:07,0,980
2023-09-23 09:42:07,0,980
2023-09-23 09:42:08,0,980
2023-09-23 09:42:08,0,980
2023-09-23 09:42:08,0,980
2023-09-23 09:42:08,0,980
2023-09-23 09:42:08,0,980
2023-09-23 09:42:08,0,980
2023-09-23 09:42:08,0,980
2023-09-23 09:42:08,0,980
2023-09-23 09:42:08,0,980
2023-09-23 09:42:08,0,980
2023-09-23 09:42:09,0,980
2023-09-23 09:42:09,0,980
2023-09-23 09:42:09,0,980
2023-09-23 09:42:09,0,980
2023-09-23 09:42:09,0,980
2023-09-23 09:42:09,0,980
2023-09-23 09:42:09,0,980
2023-09-23 09:42:09,0,980
2023-09-23 09:42:09,0,980
2023-09-23 09:42:09,0,980
2023-09-23 09:42:10,0,980
2023-09-23 09:42:10,0,980
2023-09-23 09:42:10,0,980
2023-09-23 09:42:10,0,980
2023-09-23 09:42:10,0,980
2023-09-23 09:42:10,0,980
2023-09-23 09:42:10,0,980
2023-09-23 09:42:10,0,980
2023-09-23 09:42:10,0,980
2023-09-23 09:42:10,0,980
2023-09-23 09:42:11,0,980
2023-09-23 09:42:11,0,980
2023-09-23 09:42:11,0,980
2023-09-23 09:42:11,0,980
2023-09-23 09:42:11,0,980
2023-09-23 09:42:11,0,980
2023-09-23 09:42:11,0,980
2023-09-23 09:42:11,0,980
2023-09-23 09:42:11,0,980
2023-09-23 09:42:11,0,980
2023-09-23 09:42:12,0,980
2023-09-23 09:42:12,0,980
2023-09-23 09:42:12,0,980
2023-09-23 09:42:12,0,980
2023-09-23 09:42:12,0,980
2023-09-23 09:42:12,0,980
2023-09-23 09:42:12,0,980
2023-09-23 09:42:12,0,980
2023-09-23 09:42:12,0,980
2023-09-23 09:42:12,0,980
2023-09-23 09:42:13,0,980
2023-09-23 09:42:13,0,980
2023-09-23 09:42:13,0,980
2023-09-23 09:42:13,0,980
2023-09-23 09:42:13,0,980
2023-09-23 09:42:13,0,980
2023-09-23 09:42:13,0,980
2023-09-23 09:42:13,0,980
2023-09-23 09:42:13,0,980
2023-09-23 09:42:13,0,980
2023-09-23 09:42:14,0,980
2023-09-23 09:42:14,0,980
2023-09-23 09:42:14,0,980
2023-09-23 09:42:14,0,980
2023-09-23 09:42:14,0,980
2023-09-23 09:42:14,0,980
2023-09-23 09:42:14,0,980
2023-09-23 09:42:14,0,980
2023-09-23 09:42:14,0,980
2023-09-23 09:42:14,0,980
2023-09-23 09:42:15,0,980
2023-09-23 09:42:15,0,980
2023-09-23 09:42:15,0,980
2023-09-23 09:42:15,0,980
2023-09-23 09:42:15,0,980
2023-09-23 09:42:15,0,980
2023-09-23 09:42:15,0,980
2023-09-23 09:42:15,0,980
2023-09-23 09:42:15,0,980
2023-09-23 09:42:15,0,980
2023-09-23 09:42:16,0,980
2023-09-23 09:42:16,0,980
2023-09-23 09:42:16,0,980
2023-09-23 09:42:16,0,980
2023-09-23 09:42:16,0,980
2023-09-23 09:42:16,0,980
2023-09-23 09:42:16,0,980
2023-09-23 09:42:16,0,980
2023-09-23 09:42:16,0,980
2023-09-23 09:42:16,0,980
2023-09-23 09:42:17,0,980
2023-09-23 09:42:17,0,980
2023-09-23 09:42:17,0,980
2023-09-23 09:42:17,0,980
2023-09-23 09:42:17,0,980
2023-09-23 09:42:17,0,980
2023-09-23 09:42:17,0,980
2023-09-23 09:42:17,0,980
2023-09-23 09:42:17,0,980
2023-09-23 09:42:17,0,980
2023-09-23 09:42:18,0,980
2023-09-23 09:42:18,1,979
2023-09-23 09:42:18,0,980
2023-09-23 09:42:18,0,980
2023-09-23 09:42:18,0,980
2023-09-23 09:42:18,0,980
2023-09-23 09:42:18,0,980
2023-09-23 09:42:18,0,980
2023-09-23 09:42:18,0,980
2023-09-23 09:42:18,0,980
2023-09-23 09:42:19,0,980
2023-09-23 09:42:19,0,980
2023-09-23 09:42:19,0,980
2023-09-23 09:42:19,0,980
2023-09-23 09:42:19,0,980
2023-09-23 09:42:19,0,980
2023-09-23 09:42:19,0,980
2023-09-23 09:42:19,0,980
2023-09-23 09:42:19,0,980
2023-09-23 09:42:19,0,980
2023-09-23 09:42:20,0,980
2023-09-23 09:42:20,0,980
2023-09-23 09:42:20,0,980
2023-09-23 09:42:20,0,980
2023-09-23 09:42:20,1,979
2023-09-23 09:42:20,0,980
2023-09-23 09:42:20,0,980
2023-09-23 09:42:20,0,980
2023-09-23 09:42:20,0,980
2023-09-23 09:42:20,0,980
2023-09-23 09:42:21,1,979
2023-09-23 09:42:21,0,980
2023-09-23 09:42:21,0,980
2023-09-23 09:42:21,0,980
2023-09-23 09:42:21,0,980
2023-09-23 09:42:21,0,980
2023-09-23 09:42:21,0,980
2023-09-23 09:42:21,0,980
2023-09-23 09:42:21,0,980
2023-09-23 09:42:21,0,980
2023-09-23 09:42:22,0,980
2023-09-23 09:42:22,0,980
2023-09-23 09:42:22,0,980
2023-09-23 09:42:22,0,980
2023-09-23 09:42:22,0,980
2023-09-23 09:42:22,1,979
2023-09-23 09:42:22,0,980
2023-09-23 09:42:22,0,980
2023-09-23 09:42:22,0,980
2023-09-23 09:42:23,0,980
2023-09-23 09:42:23,0,980
2023-09-23 09:42:23,0,980
2023-09-23 09:42:23,0,980
2023-09-23 09:42:23,0,980
2023-09-23 09:42:23,0,980
2023-09-23 09:42:23,0,980
2023-09-23 09:42:23,0,980
2023-09-23 09:42:23,0,980
2023-09-23 09:42:23,0,980
2023-09-23 09:42:24,0,980
2023-09-23 09:42:24,0,980
2023-09-23 09:42:24,0,980
2023-09-23 09:42:24,0,980
2023-09-23 09:42:24,0,980
2023-09-23 09:42:24,0,980
2023-09-23 09:42:24,0,980
2023-09-23 09:42:24,0,980
2023-09-23 09:42:24,0,980
2023-09-23 09:42:24,0,980
2023-09-23 09:42:25,0,980
2023-09-23 09:42:25,0,980
2023-09-23 09:42:25,0,980
2023-09-23 09:42:25,0,980
2023-09-23 09:42:25,0,980
2023-09-23 09:42:25,0,980
2023-09-23 09:42:25,0,980
2023-09-23 09:42:25,0,980
2023-09-23 09:42:25,0,980
2023-09-23 09:42:25,0,980
2023-09-23 09:42:26,0,980
2023-09-23 09:42:26,0,980
2023-09-23 09:42:26,0,980
2023-09-23 09:42:26,0,980
2023-09-23 09:42:26,0,980
2023-09-23 09:42:26,0,980
2023-09-23 09:42:26,0,980
2023-09-23 09:42:26,0,980
2023-09-23 09:42:26,0,980
2023-09-23 09:42:26,0,980
2023-09-23 09:42:27,0,980
2023-09-23 09:42:27,0,980
2023-09-23 09:42:27,0,980
2023-09-23 09:42:27,0,980
2023-09-23 09:42:27,0,980
2023-09-23 09:42:27,0,980
2023-09-23 09:42:27,0,980
2023-09-23 09:42:27,0,980
2023-09-23 09:42:27,0,980
2023-09-23 09:42:27,1,979
2023-09-23 09:42:28,0,980
2023-09-23 09:42:28,0,980
2023-09-23 09:42:28,0,980
2023-09-23 09:42:28,0,980
2023-09-23 09:42:28,0,980
2023-09-23 09:42:28,0,980
2023-09-23 09:42:28,0,980
2023-09-23 09:42:28,0,980
2023-09-23 09:42:28,0,980
2023-09-23 09:42:28,0,980
2023-09-23 09:42:29,0,980
2023-09-23 09:42:29,0,980
2023-09-23 09:42:29,0,980
2023-09-23 09:42:29,0,980
2023-09-23 09:42:29,0,980
2023-09-23 09:42:29,0,980
2023-09-23 09:42:29,0,980
2023-09-23 09:42:29,0,980
2023-09-23 09:42:29,0,980
2023-09-23 09:42:29,0,980
2023-09-23 09:42:30,0,980
2023-09-23 09:42:30,0,980
2023-09-23 09:42:30,0,980
2023-09-23 09:42:30,0,980
2023-09-23 09:42:30,0,980
2023-09-23 09:42:30,0,980
2023-09-23 09:42:30,0,980
2023-09-23 09:42:30,0,980
2023-09-23 09:42:30,0,980
2023-09-23 09:42:30,0,980
2023-09-23 09:42:31,0,980
2023-09-23 09:42:31,0,980
2023-09-23 09:42:31,0,980
2023-09-23 09:42:31,0,980
2023-09-23 09:42:31,0,980
2023-09-23 09:42:31,0,980
2023-09-23 09:42:31,0,980
2023-09-23 09:42:31,0,980
2023-09-23 09:42:31,0,980
2023-09-23 09:42:31,0,980
2023-09-23 09:42:32,0,980
2023-09-23 09:42:32,0,980
2023-09-23 09:42:32,0,980
2023-09-23 09:42:32,0,980
2023-09-23 09:42:32,1,979
2023-09-23 09:42:32,0,980
2023-09-23 09:42:32,0,980
2023-09-23 09:42:32,0,980
2023-09-23 09:42:32,0,980
2023-09-23 09:42:32,0,980
2023-09-23 09:42:33,0,980
2023-09-23 09:42:33,0,980
2023-09-23 09:42:33,0,980
2023-09-23 09:42:33,0,980
2023-09-23 09:42:33,0,980
2023-09-23 09:42:33,0,980
2023-09-23 09:42:33,0,980
2023-09-23 09:42:33,0,980
2023-09-23 09:42:33,0,980
2023-09-23 09:42:33,0,980
2023-09-23 09:42:34,0,980
2023-09-23 09:42:34,0,980
2023-09-23 09:42:34,0,980
2023-09-23 09:42:34,0,980
2023-09-23 09:42:34,0,980
2023-09-23 09:42:34,0,980
2023-09-23 09:42:34,0,980
2023-09-23 09:42:34,0,980
2023-09-23 09:42:34,0,980
2023-09-23 09:42:34,0,980
2023-09-23 09:42:35,0,980
2023-09-23 09:42:35,0,980
2023-09-23 09:42:35,1,979
2023-09-23 09:42:35,0,980
2023-09-23 09:42:35,0,980
2023-09-23 09:42:35,0,980
2023-09-23 09:42:35,0,980
2023-09-23 09:42:35,0,980
2023-09-23 09:42:35,0,980
2023-09-23 09:42:35,0,980
2023-09-23 09:42:36,1,979
2023-09-23 09:42:36,0,980
2023-09-23 09:42:36,0,980
2023-09-23 09:42:36,0,980
2023-09-23 09:42:36,0,980
2023-09-23 09:42:36,0,980
2023-09-23 09:42:36,0,980
2023-09-23 09:42:36,0,980
2023-09-23 09:42:36,0,980
2023-09-23 09:42:36,0,980
2023-09-23 09:42:37,0,980
2023-09-23 09:42:37,0,980
2023-09-23 09:42:37,0,980
2023-09-23 09:42:37,0,980
2023-09-23 09:42:37,0,980
2023-09-23 09:42:37,0,980
2023-09-23 09:42:37,0,980
2023-09-23 09:42:37,0,980
2023-09-23 09:42:37,0,980
2023-09-23 09:42:38,0,980
2023-09-23 09:42:38,0,980
2023-09-23 09:42:38,0,980
2023-09-23 09:42:38,0,980
2023-09-23 09:42:38,1,979
2023-09-23 09:42:38,0,980
2023-09-23 09:42:38,0,980
2023-09-23 09:42:38,0,980
2023-09-23 09:42:38,0,980
2023-09-23 09:42:38,0,980
2023-09-23 09:42:39,0,980
2023-09-23 09:42:39,0,980
2023-09-23 09:42:39,0,980
2023-09-23 09:42:39,0,980
2023-09-23 09:42:39,0,980
2023-09-23 09:42:39,0,980
2023-09-23 09:42:39,0,980
2023-09-23 09:42:39,0,980
2023-09-23 09:42:39,0,980
2023-09-23 09:42:39,0,980
2023-09-23 09:42:40,0,980
2023-09-23 09:42:40,0,980
2023-09-23 09:42:40,0,980
2023-09-23 09:42:40,0,980
2023-09-23 09:42:40,1,979
2023-09-23 09:42:40,0,980
2023-09-23 09:42:40,0,980
2023-09-23 09:42:40,0,980
2023-09-23 09:42:40,0,980
2023-09-23 09:42:40,0,980
2023-09-23 09:42:41,0,980
2023-09-23 09:42:41,0,980
2023-09-23 09:42:41,0,980
2023-09-23 09:42:41,0,980
2023-09-23 09:42:41,0,980
2023-09-23 09:42:41,0,980
2023-09-23 09:42:41,0,980
2023-09-23 09:42:41,0,980
2023-09-23 09:42:41,0,980
2023-09-23 09:42:41,0,980
2023-09-23 09:42:42,0,980
2023-09-23 09:42:42,0,980
2023-09-23 09:42:42,0,980
2023-09-23 09:42:42,0,980
2023-09-23 09:42:42,0,980
2023-09-23 09:42:42,0,980
2023-09-23 09:42:42,1,979
2023-09-23 09:42:42,0,980
2023-09-23 09:42:42,0,980
2023-09-23 09:42:42,0,980
2023-09-23 09:42:43,0,980
2023-09-23 09:42:43,0,980
2023-09-23 09:42:43,0,980
2023-09-23 09:42:43,0,980
2023-09-23 09:42:43,0,980
2023-09-23 09:42:43,0,980
2023-09-23 09:42:43,0,980
2023-09-23 09:42:43,0,980
2023-09-23 09:42:43,0,980
2023-09-23 09:42:43,0,980
2023-09-23 09:42:44,0,980
2023-09-23 09:42:44,0,980
2023-09-23 09:42:44,0,980
2023-09-23 09:42:44,0,980
2023-09-23 09:42:44,0,980
2023-09-23 09:42:44,0,980
2023-09-23 09:42:44,0,980
2023-09-23 09:42:44,0,980
2023-09-23 09:42:44,0,980
2023-09-23 09:42:44,0,980
2023-09-23 09:42:45,0,980
2023-09-23 09:42:45,0,980
2023-09-23 09:42:45,0,980
2023-09-23 09:42:45,0,980
2023-09-23 09:42:45,0,980
2023-09-23 09:42:45,0,980
2023-09-23 09:42:45,0,980
2023-09-23 09:42:45,0,980
2023-09-23 09:42:45,0,980
2023-09-23 09:42:45,0,980
2023-09-23 09:42:46,0,980
2023-09-23 09:42:46,0,980
2023-09-23 09:42:46,0,980
2023-09-23 09:42:46,0,980
2023-09-23 09:42:46,0,980
2023-09-23 09:42:46,0,980
2023-09-23 09:42:46,0,980
2023-09-23 09:42:46,0,980
2023-09-23 09:42:46,0,980
2023-09-23 09:42:46,0,980
2023-09-23 09:42:47,0,980
2023-09-23 09:42:47,1,979
2023-09-23 09:42:47,0,980
2023-09-23 09:42:47,0,980
2023-09-23 09:42:47,0,980
2023-09-23 09:42:47,0,980
2023-09-23 09:42:47,0,980
2023-09-23 09:42:47,0,980
2023-09-23 09:42:47,0,980
2023-09-23 09:42:47,0,980
2023-09-23 09:42:48,0,980
2023-09-23 09:42:48,0,980
2023-09-23 09:42:48,0,980
2023-09-23 09:42:48,0,980
2023-09-23 09:42:48,0,980
2023-09-23 09:42:48,0,980
2023-09-23 09:42:48,0,980
2023-09-23 09:42:48,0,980
2023-09-23 09:42:48,0,980
2023-09-23 09:42:48,0,980
2023-09-23 09:42:49,0,980
2023-09-23 09:42:49,0,980
2023-09-23 09:42:49,0,980
2023-09-23 09:42:49,0,980
2023-09-23 09:42:49,0,980
2023-09-23 09:42:49,0,980
2023-09-23 09:42:49,0,980
2023-09-23 09:42:49,0,980
2023-09-23 09:42:49,0,980
2023-09-23 09:42:49,0,980
2023-09-23 09:42:50,0,980
2023-09-23 09:42:50,0,980
2023-09-23 09:42:50,0,980
2023-09-23 09:42:50,0,980
2023-09-23 09:42:50,0,980
2023-09-23 09:42:50,0,980
2023-09-23 09:42:50,0,980
2023-09-23 09:42:50,0,980
2023-09-23 09:42:50,0,980
2023-09-23 09:42:50,0,980
2023-09-23 09:42:51,0,980
2023-09-23 09:42:51,0,980
2023-09-23 09:42:51,0,980
2023-09-23 09:42:51,0,980
2023-09-23 09:42:51,0,980
2023-09-23 09:42:51,0,980
2023-09-23 09:42:51,0,980
2023-09-23 09:42:51,0,980
2023-09-23 09:42:51,0,980
2023-09-23 09:42:51,0,980
2023-09-23 09:42:52,0,980
2023-09-23 09:42:52,1,979
2023-09-23 09:42:52,0,980
2023-09-23 09:42:52,0,980
2023-09-23 09:42:52,0,980
2023-09-23 09:42:52,0,980
2023-09-23 09:42:52,0,980
2023-09-23 09:42:52,0,980
2023-09-23 09:42:52,0,980
2023-09-23 09:42:53,0,980
2023-09-23 09:42:53,0,980
2023-09-23 09:42:53,0,980
2023-09-23 09:42:53,0,980
2023-09-23 09:42:53,0,980
2023-09-23 09:42:53,0,980
2023-09-23 09:42:53,0,980
2023-09-23 09:42:53,0,980
2023-09-23 09:42:53,0,980
2023-09-23 09:42:53,0,980
2023-09-23 09:42:54,0,980
2023-09-23 09:42:54,0,980
2023-09-23 09:42:54,0,980
2023-09-23 09:42:54,0,980
2023-09-23 09:42:54,0,980
2023-09-23 09:42:54,0,980
2023-09-23 09:42:54,0,980
2023-09-23 09:42:54,0,980
2023-09-23 09:42:54,0,980
2023-09-23 09:42:54,0,980
2023-09-23 09:42:55,0,980
2023-09-23 09:42:55,0,980
2023-09-23 09:42:55,0,980
2023-09-23 09:42:55,0,980
2023-09-23 09:42:55,0,980
2023-09-23 09:42:55,0,980
2023-09-23 09:42:55,0,980
2023-09-23 09:42:55,0,980
2023-09-23 09:42:55,0,980
2023-09-23 09:42:55,2,978
2023-09-23 09:42:56,0,980
2023-09-23 09:42:56,0,980
2023-09-23 09:42:56,0,980
2023-09-23 09:42:56,0,980
2023-09-23 09:42:56,0,980
2023-09-23 09:42:56,0,980
2023-09-23 09:42:56,0,980
2023-09-23 09:42:56,0,980
2023-09-23 09:42:56,0,980
2023-09-23 09:42:56,0,980
2023-09-23 09:42:57,0,980
2023-09-23 09:42:57,0,980
2023-09-23 09:42:57,0,980
2023-09-23 09:42:57,0,980
2023-09-23 09:42:57,0,980
2023-09-23 09:42:57,0,980
2023-09-23 09:42:57,0,980
2023-09-23 09:42:57,0,980
2023-09-23 09:42:57,0,980
2023-09-23 09:42:57,0,980
2023-09-23 09:42:58,0,980
2023-09-23 09:42:58,0,980
2023-09-23 09:42:58,0,980
2023-09-23 09:42:58,0,980
2023-09-23 09:42:58,0,980
2023-09-23 09:42:58,0,980
2023-09-23 09:42:58,0,980
2023-09-23 09:42:58,0,980
2023-09-23 09:42:58,0,980
2023-09-23 09:42:58,0,980
2023-09-23 09:42:59,0,980
2023-09-23 09:42:59,0,980
2023-09-23 09:42:59,0,980
2023-09-23 09:42:59,0,980
2023-09-23 09:42:59,0,980
2023-09-23 09:42:59,0,980
2023-09-23 09:42:59,0,980
2023-09-23 09:42:59,0,980
2023-09-23 09:42:59,0,980
2023-09-23 09:42:59,0,980
2023-09-23 09:43:00,0,980
2023-09-23 09:43:00,0,980
2023-09-23 09:43:00,0,980
2023-09-23 09:43:00,0,980
2023-09-23 09:43:00,0,980
2023-09-23 09:43:00,0,980
2023-09-23 09:43:00,0,980
2023-09-23 09:43:00,0,980
2023-09-23 09:43:00,0,980
2023-09-23 09:43:00,0,980
2023-09-23 09:43:01,0,980
2023-09-23 09:43:01,0,980
2023-09-23 09:43:01,0,980
2023-09-23 09:43:01,0,980
2023-09-23 09:43:01,0,980
2023-09-23 09:43:01,0,980
2023-09-23 09:43:01,0,980
2023-09-23 09:43:01,0,980
2023-09-23 09:43:01,0,980
2023-09-23 09:43:01,0,980
2023-09-23 09:43:02,0,980
2023-09-23 09:43:02,0,980
2023-09-23 09:43:02,0,980
2023-09-23 09:43:02,0,980
2023-09-23 09:43:02,1,979
2023-09-23 09:43:02,0,980
2023-09-23 09:43:02,0,980
2023-09-23 09:43:02,0,980
2023-09-23 09:43:02,0,980
2023-09-23 09:43:02,0,980
2023-09-23 09:43:03,0,980
2023-09-23 09:43:03,0,980
2023-09-23 09:43:03,1,979
2023-09-23 09:43:03,0,980
2023-09-23 09:43:03,0,980
2023-09-23 09:43:03,0,980
2023-09-23 09:43:03,0,980
2023-09-23 09:43:03,0,980
2023-09-23 09:43:03,0,980
2023-09-23 09:43:03,0,980
2023-09-23 09:43:04,0,980
2023-09-23 09:43:04,0,980
2023-09-23 09:43:04,0,980
2023-09-23 09:43:04,0,980
2023-09-23 09:43:04,0,980
2023-09-23 09:43:04,0,980
2023-09-23 09:43:04,0,980
2023-09-23 09:43:04,0,980
2023-09-23 09:43:04,0,980
2023-09-23 09:43:04,0,980
2023-09-23 09:43:05,0,980
2023-09-23 09:43:05,0,980
2023-09-23 09:43:05,0,980
2023-09-23 09:43:05,0,980
2023-09-23 09:43:05,0,980
2023-09-23 09:43:05,0,980
2023-09-23 09:43:05,0,980
2023-09-23 09:43:05,0,980
2023-09-23 09:43:05,0,980
2023-09-23 09:43:05,0,980
2023-09-23 09:43:06,0,980
2023-09-23 09:43:06,0,980
2023-09-23 09:43:06,0,980
2023-09-23 09:43:06,0,980
2023-09-23 09:43:06,0,980
2023-09-23 09:43:06,0,980
2023-09-23 09:43:06,0,980
2023-09-23 09:43:06,0,980
2023-09-23 09:43:06,0,980
2023-09-23 09:43:07,0,980
2023-09-23 09:43:07,0,980
2023-09-23 09:43:07,0,980
2023-09-23 09:43:07,0,980
2023-09-23 09:43:07,0,980
2023-09-23 09:43:07,0,980
2023-09-23 09:43:07,0,980
2023-09-23 09:43:07,0,980
2023-09-23 09:43:07,0,980
2023-09-23 09:43:07,0,980
2023-09-23 09:43:08,0,980
2023-09-23 09:43:08,0,980
2023-09-23 09:43:08,0,980
2023-09-23 09:43:08,0,980
2023-09-23 09:43:08,0,980
2023-09-23 09:43:08,0,980
2023-09-23 09:43:08,0,980
2023-09-23 09:43:08,0,980
2023-09-23 09:43:08,0,980
2023-09-23 09:43:08,0,980
2023-09-23 09:43:09,0,980
2023-09-23 09:43:09,0,980
2023-09-23 09:43:09,0,980
2023-09-23 09:43:09,0,980
2023-09-23 09:43:09,0,980
2023-09-23 09:43:09,0,980
2023-09-23 09:43:09,0,980
2023-09-23 09:43:09,0,980
2023-09-23 09:43:09,0,980
2023-09-23 09:43:09,0,980
2023-09-23 09:43:10,0,980
2023-09-23 09:43:10,0,980
2023-09-23 09:43:10,0,980
2023-09-23 09:43:10,0,980
2023-09-23 09:43:10,0,980
2023-09-23 09:43:10,0,980
2023-09-23 09:43:10,0,980
2023-09-23 09:43:10,0,980
2023-09-23 09:43:10,0,980
2023-09-23 09:43:10,0,980
2023-09-23 09:43:11,0,980
2023-09-23 09:43:11,0,980
2023-09-23 09:43:11,0,980
2023-09-23 09:43:11,0,980
2023-09-23 09:43:11,0,980
2023-09-23 09:43:11,0,980
2023-09-23 09:43:11,0,980
2023-09-23 09:43:11,0,980
2023-09-23 09:43:11,0,980
2023-09-23 09:43:11,0,980
2023-09-23 09:43:12,0,980
2023-09-23 09:43:12,0,980
2023-09-23 09:43:12,0,980
2023-09-23 09:43:12,0,980
2023-09-23 09:43:12,0,980
2023-09-23 09:43:12,0,980
2023-09-23 09:43:12,0,980
2023-09-23 09:43:12,0,980
2023-09-23 09:43:12,0,980
2023-09-23 09:43:12,0,980
2023-09-23 09:43:13,0,980
2023-09-23 09:43:13,0,980
2023-09-23 09:43:13,0,980
2023-09-23 09:43:13,0,980
2023-09-23 09:43:13,0,980
2023-09-23 09:43:13,0,980
2023-09-23 09:43:13,0,980
2023-09-23 09:43:13,0,980
2023-09-23 09:43:13,0,980
2023-09-23 09:43:13,0,980
2023-09-23 09:43:14,0,980
2023-09-23 09:43:14,0,980
2023-09-23 09:43:14,0,980
2023-09-23 09:43:14,0,980
2023-09-23 09:43:14,0,980
2023-09-23 09:43:14,0,980
2023-09-23 09:43:14,0,980
2023-09-23 09:43:14,0,980
2023-09-23 09:43:14,0,980
2023-09-23 09:43:14,0,980
2023-09-23 09:43:15,0,980
2023-09-23 09:43:15,0,980
2023-09-23 09:43:15,0,980
2023-09-23 09:43:15,0,980
2023-09-23 09:43:15,0,980
2023-09-23 09:43:15,0,980
2023-09-23 09:43:15,0,980
2023-09-23 09:43:15,0,980
2023-09-23 09:43:15,0,980
2023-09-23 09:43:15,0,980
2023-09-23 09:43:16,0,980
2023-09-23 09:43:16,1,979
2023-09-23 09:43:16,0,980
2023-09-23 09:43:16,0,980
2023-09-23 09:43:16,0,980
2023-09-23 09:43:16,0,980
2023-09-23 09:43:16,0,980
2023-09-23 09:43:16,0,980
2023-09-23 09:43:16,0,980
2023-09-23 09:43:16,0,980
2023-09-23 09:43:17,0,980
2023-09-23 09:43:17,0,980
2023-09-23 09:43:17,0,980
2023-09-23 09:43:17,0,980
2023-09-23 09:43:17,0,980
2023-09-23 09:43:17,0,980
2023-09-23 09:43:17,0,980
2023-09-23 09:43:17,0,980
2023-09-23 09:43:17,0,980
2023-09-23 09:43:17,0,980
2023-09-23 09:43:18,0,980
2023-09-23 09:43:18,0,980
2023-09-23 09:43:18,0,980
2023-09-23 09:43:18,0,980
2023-09-23 09:43:18,0,980
2023-09-23 09:43:18,0,980
2023-09-23 09:43:18,0,980
2023-09-23 09:43:18,0,980
2023-09-23 09:43:18,0,980
2023-09-23 09:43:18,0,980
2023-09-23 09:43:19,2,978
2023-09-23 09:43:19,0,980
2023-09-23 09:43:19,0,980
2023-09-23 09:43:19,0,980
2023-09-23 09:43:19,0,980
2023-09-23 09:43:19,0,980
2023-09-23 09:43:19,0,980
2023-09-23 09:43:19,0,980
2023-09-23 09:43:19,0,980
2023-09-23 09:43:19,0,980
2023-09-23 09:43:20,0,980
2023-09-23 09:43:20,0,980
2023-09-23 09:43:20,0,980
2023-09-23 09:43:20,1,979
2023-09-23 09:43:20,0,980
2023-09-23 09:43:20,0,980
2023-09-23 09:43:20,0,980
2023-09-23 09:43:20,0,980
2023-09-23 09:43:20,0,980
2023-09-23 09:43:20,0,980
2023-09-23 09:43:21,1,979
2023-09-23 09:43:21,0,980
2023-09-23 09:43:21,0,980
2023-09-23 09:43:21,0,980
2023-09-23 09:43:21,0,980
2023-09-23 09:43:21,0,980
2023-09-23 09:43:21,0,980
2023-09-23 09:43:21,0,980
2023-09-23 09:43:21,0,980
2023-09-23 09:43:22,0,980
2023-09-23 09:43:22,0,980
2023-09-23 09:43:22,0,980
2023-09-23 09:43:22,0,980
2023-09-23 09:43:22,0,980
2023-09-23 09:43:22,1,979
2023-09-23 09:43:22,0,980
2023-09-23 09:43:22,0,980
2023-09-23 09:43:22,0,980
2023-09-23 09:43:22,0,980
2023-09-23 09:43:23,0,980
2023-09-23 09:43:23,0,980
2023-09-23 09:43:23,0,980
2023-09-23 09:43:23,0,980
2023-09-23 09:43:23,0,980
2023-09-23 09:43:23,0,980
2023-09-23 09:43:23,0,980
2023-09-23 09:43:23,0,980
2023-09-23 09:43:23,0,980
2023-09-23 09:43:23,0,980
2023-09-23 09:43:24,0,980
2023-09-23 09:43:24,0,980
2023-09-23 09:43:24,0,980
2023-09-23 09:43:24,0,980
2023-09-23 09:43:24,0,980
2023-09-23 09:43:24,0,980
2023-09-23 09:43:24,0,980
2023-09-23 09:43:24,0,980
2023-09-23 09:43:24,0,980
2023-09-23 09:43:24,0,980
2023-09-23 09:43:25,0,980
2023-09-23 09:43:25,0,980
2023-09-23 09:43:25,0,980
2023-09-23 09:43:25,0,980
2023-09-23 09:43:25,0,980
2023-09-23 09:43:25,0,980
2023-09-23 09:43:25,0,980
2023-09-23 09:43:25,0,980
2023-09-23 09:43:25,0,980
2023-09-23 09:43:25,0,980
2023-09-23 09:43:26,0,980
2023-09-23 09:43:26,0,980
2023-09-23 09:43:26,0,980
2023-09-23 09:43:26,0,980
2023-09-23 09:43:26,0,980
2023-09-23 09:43:26,0,980
2023-09-23 09:43:26,0,980
2023-09-23 09:43:26,0,980
2023-09-23 09:43:26,0,980
2023-09-23 09:43:26,0,980
2023-09-23 09:43:27,0,980
2023-09-23 09:43:27,0,980
2023-09-23 09:43:27,0,980
2023-09-23 09:43:27,0,980
2023-09-23 09:43:27,0,980
2023-09-23 09:43:27,0,980
2023-09-23 09:43:27,0,980
2023-09-23 09:43:27,0,980
2023-09-23 09:43:27,0,980
2023-09-23 09:43:27,0,980
2023-09-23 09:43:28,0,980
2023-09-23 09:43:28,0,980
2023-09-23 09:43:28,0,980
2023-09-23 09:43:28,0,980
2023-09-23 09:43:28,0,980
2023-09-23 09:43:28,0,980
2023-09-23 09:43:28,0,980
2023-09-23 09:43:28,0,980
2023-09-23 09:43:28,0,980
2023-09-23 09:43:28,0,980
2023-09-23 09:43:29,0,980
2023-09-23 09:43:29,0,980
2023-09-23 09:43:29,0,980
2023-09-23 09:43:29,0,980
2023-09-23 09:43:29,0,980
2023-09-23 09:43:29,0,980
2023-09-23 09:43:29,0,980
2023-09-23 09:43:29,0,980
2023-09-23 09:43:29,0,980
2023-09-23 09:43:29,0,980
2023-09-23 09:43:30,0,980
2023-09-23 09:43:30,0,980
2023-09-23 09:43:30,0,980
2023-09-23 09:43:30,0,980
2023-09-23 09:43:30,0,980
2023-09-23 09:43:30,0,980
2023-09-23 09:43:30,0,980
2023-09-23 09:43:30,0,980
2023-09-23 09:43:30,0,980
2023-09-23 09:43:30,0,980
2023-09-23 09:43:31,0,980
2023-09-23 09:43:31,0,980
2023-09-23 09:43:31,0,980
2023-09-23 09:43:31,0,980
2023-09-23 09:43:31,0,980
2023-09-23 09:43:31,0,980
2023-09-23 09:43:31,0,980
2023-09-23 09:43:31,0,980
2023-09-23 09:43:31,0,980
2023-09-23 09:43:31,0,980
2023-09-23 09:43:32,0,980
2023-09-23 09:43:32,0,980
2023-09-23 09:43:32,0,980
2023-09-23 09:43:32,0,980
2023-09-23 09:43:32,0,980
2023-09-23 09:43:32,0,980
2023-09-23 09:43:32,0,980
2023-09-23 09:43:32,0,980
2023-09-23 09:43:32,0,980
2023-09-23 09:43:32,0,980
2023-09-23 09:43:33,0,980
2023-09-23 09:43:33,0,980
2023-09-23 09:43:33,0,980
2023-09-23 09:43:33,0,980
2023-09-23 09:43:33,0,980
2023-09-23 09:43:33,0,980
2023-09-23 09:43:33,0,980
2023-09-23 09:43:33,0,980
2023-09-23 09:43:33,0,980
2023-09-23 09:43:33,0,980
2023-09-23 09:43:34,0,980
2023-09-23 09:43:34,0,980
2023-09-23 09:43:34,0,980
2023-09-23 09:43:34,0,980
2023-09-23 09:43:34,0,980
2023-09-23 09:43:34,0,980
2023-09-23 09:43:34,0,980
2023-09-23 09:43:34,0,980
2023-09-23 09:43:34,0,980
2023-09-23 09:43:34,0,980
2023-09-23 09:43:35,0,980
2023-09-23 09:43:35,0,980
2023-09-23 09:43:35,0,980
2023-09-23 09:43:35,0,980
2023-09-23 09:43:35,0,980
2023-09-23 09:43:35,0,980
2023-09-23 09:43:35,0,980
2023-09-23 09:43:35,0,980
2023-09-23 09:43:35,0,980
2023-09-23 09:43:35,0,980
2023-09-23 09:43:36,0,980
2023-09-23 09:43:36,0,980
2023-09-23 09:43:36,0,980
2023-09-23 09:43:36,0,980
2023-09-23 09:43:36,0,980
2023-09-23 09:43:36,1,979
2023-09-23 09:43:36,0,980
2023-09-23 09:43:36,0,980
2023-09-23 09:43:36,0,980
2023-09-23 09:43:37,0,980
2023-09-23 09:43:37,0,980
2023-09-23 09:43:37,0,980
2023-09-23 09:43:37,0,980
2023-09-23 09:43:37,0,980
2023-09-23 09:43:37,0,980
2023-09-23 09:43:37,0,980
2023-09-23 09:43:37,0,980
2023-09-23 09:43:37,0,980
2023-09-23 09:43:37,0,980
2023-09-23 09:43:38,0,980
2023-09-23 09:43:38,0,980
2023-09-23 09:43:38,0,980
2023-09-23 09:43:38,0,980
2023-09-23 09:43:38,0,980
2023-09-23 09:43:38,0,980
2023-09-23 09:43:38,0,980
2023-09-23 09:43:38,0,980
2023-09-23 09:43:38,0,980
2023-09-23 09:43:38,0,980
2023-09-23 09:43:39,0,980
2023-09-23 09:43:39,0,980
2023-09-23 09:43:39,0,980
2023-09-23 09:43:39,0,980
2023-09-23 09:43:39,0,980
2023-09-23 09:43:39,0,980
2023-09-23 09:43:39,0,980
2023-09-23 09:43:39,0,980
2023-09-23 09:43:39,0,980
2023-09-23 09:43:39,0,980
2023-09-23 09:43:40,0,980
2023-09-23 09:43:40,0,980
2023-09-23 09:43:40,0,980
2023-09-23 09:43:40,0,980
2023-09-23 09:43:40,0,980
2023-09-23 09:43:40,0,980
2023-09-23 09:43:40,0,980
2023-09-23 09:43:40,0,980
2023-09-23 09:43:40,0,980
2023-09-23 09:43:40,0,980
2023-09-23 09:43:41,0,980
2023-09-23 09:43:41,0,980
2023-09-23 09:43:41,2,978
2023-09-23 09:43:41,0,980
2023-09-23 09:43:41,0,980
2023-09-23 09:43:41,0,980
2023-09-23 09:43:41,0,980
2023-09-23 09:43:41,0,980
2023-09-23 09:43:41,0,980
2023-09-23 09:43:41,0,980
2023-09-23 09:43:42,0,980
2023-09-23 09:43:42,0,980
2023-09-23 09:43:42,0,980
2023-09-23 09:43:42,0,980
2023-09-23 09:43:42,0,980
2023-09-23 09:43:42,0,980
2023-09-23 09:43:42,0,980
2023-09-23 09:43:42,0,980
2023-09-23 09:43:42,0,980
2023-09-23 09:43:42,0,980
2023-09-23 09:43:43,0,980
2023-09-23 09:43:43,0,980
2023-09-23 09:43:43,0,980
2023-09-23 09:43:43,0,980
2023-09-23 09:43:43,0,980
2023-09-23 09:43:43,0,980
2023-09-23 09:43:43,0,980
2023-09-23 09:43:43,0,980
2023-09-23 09:43:43,0,980
2023-09-23 09:43:43,0,980
2023-09-23 09:43:44,0,980
2023-09-23 09:43:44,0,980
2023-09-23 09:43:44,0,980
2023-09-23 09:43:44,0,980
2023-09-23 09:43:44,0,980
2023-09-23 09:43:44,0,980
2023-09-23 09:43:44,0,980
2023-09-23 09:43:44,0,980
2023-09-23 09:43:44,0,980
2023-09-23 09:43:44,1,979
2023-09-23 09:43:45,0,980
2023-09-23 09:43:45,0,980
2023-09-23 09:43:45,0,980
2023-09-23 09:43:45,0,980
2023-09-23 09:43:45,0,980
2023-09-23 09:43:45,0,980
2023-09-23 09:43:45,0,980
2023-09-23 09:43:45,0,980
2023-09-23 09:43:45,0,980
2023-09-23 09:43:45,0,980
2023-09-23 09:43:46,0,980
2023-09-23 09:43:46,0,980
2023-09-23 09:43:46,0,980
2023-09-23 09:43:46,0,980
2023-09-23 09:43:46,0,980
2023-09-23 09:43:46,0,980
2023-09-23 09:43:46,0,980
2023-09-23 09:43:46,0,980
2023-09-23 09:43:46,0,980
2023-09-23 09:43:46,0,980
2023-09-23 09:43:47,0,980
2023-09-23 09:43:47,0,980
2023-09-23 09:43:47,0,980
2023-09-23 09:43:47,0,980
2023-09-23 09:43:47,0,980
2023-09-23 09:43:47,0,980
2023-09-23 09:43:47,0,980
